Timestamp,num_ues,IMSI,RNTI,,slicing_enabled,slice_id,slice_prb,power_multiplier,scheduling_policy,,dl_mcs,dl_n_samples,dl_buffer [bytes],tx_brate downlink [Mbps],tx_pkts downlink,tx_errors downlink (%),dl_cqi,,ul_mcs,ul_n_samples,ul_buffer [bytes],rx_brate uplink [Mbps],rx_pkts uplink,rx_errors uplink (%),ul_rssi,ul_sinr,phr,,sum_requested_prbs,sum_granted_prbs,,dl_pmi,dl_ri,ul_n,ul_turbo_iters
1613413350568,1,1010123456026,70,,1,2,35,1,2,,2.94737,19,0,0.006304,6,0,7.57143,,12.2571,35,0,0.1,10,0,0,33.7756,31,,5,21,,0,0,0,1
1613413350846,2,1010123456026,70,,1,2,35,1,2,,9,4,0,0.00164029,1,0,7.57143,,12,7,0,0.1,2,0,0,33.403,31,,0,3,,0,0,0,1
1613413351068,4,1010123456026,70,,1,2,35,1,2,,0,0,0,0,0,0,7.6,,0,0,0,0,0,0,0,0,0,,0,0,,0,0,0,0
1613413351318,4,1010123456026,70,,1,2,35,1,2,,0,0,0,0,0,0,7.66667,,0,0,0,0,0,0,0,0,0,,0,0,,0,0,0,0
1613413351568,4,1010123456026,70,,1,2,35,1,2,,0,0,0,0,0,0,7.85714,,0,0,0,0,0,0,0,0,0,,0,0,,0,0,0,0
1613413351818,3,1010123456026,70,,1,2,35,1,2,,0,0,0,0,0,0,8,,0,0,0,0,0,0,0,0,0,,0,0,,0,0,0,0
1613413352068,2,1010123456026,70,,1,2,35,1,2,,0,0,0,0,0,0,8,,0,0,0,0,0,0,0,0,0,,0,0,,0,0,0,0
1613413352318,2,1010123456026,70,,1,2,35,1,2,,0,0,0,0,0,0,8,,0,0,0,0,0,0,0,0,0,,0,0,,0,0,0,0
1613413352568,4,1010123456026,70,,1,2,35,1,2,,0,0,0,0,0,0,8,,0,0,0,0,0,0,0,0,0,,0,0,,0,0,0,0
1613413352818,6,1010123456026,70,,1,2,35,1,2,,0,0,0,0,0,0,8,,0,0,0,0,0,0,0,0,0,,0,0,,0,0,0,0
1613413353068,6,1010123456026,70,,1,2,35,1,2,,0,0,0,0,0,0,7.5,,0,0,0,0,0,0,0,0,0,,0,0,,0,0,0,0
1613413353318,6,1010123456026,70,,1,2,35,1,2,,0,0,0,0,0,0,8,,0,0,0,0,0,0,0,0,0,,0,0,,0,0,0,0
1613413353568,4,1010123456026,70,,1,2,35,1,2,,0,0,0,0,0,0,7.85714,,0,0,0,0,0,0,0,0,0,,0,0,,0,0,0,0
1613413353818,3,1010123456026,70,,1,2,35,1,2,,0,0,0,0,0,0,7.66667,,0,0,0,0,0,0,0,0,0,,0,0,,0,0,0,0
1613413354068,3,1010123456026,70,,1,2,35,1,2,,0,0,0,0,0,0,8,,0,0,0,0,0,0,0,0,0,,0,0,,0,0,0,0
1613413354318,3,1010123456026,70,,1,2,35,1,2,,0,0,0,0,0,0,7.83333,,0,0,0,0,0,0,0,0,0,,0,0,,0,0,0,0
1613413354568,3,1010123456026,70,,1,2,35,1,2,,0,0,0,0,0,0,8,,0,0,0,0,0,0,0,0,0,,0,0,,0,0,0,0
1613413354818,3,1010123456026,70,,1,2,35,1,2,,0,0,0,0,0,0,8,,0,0,0,0,0,0,0,0,0,,0,0,,0,0,0,0
1613413355068,3,1010123456026,70,,1,2,35,1,2,,0,0,0,0,0,0,7.5,,0,0,0,0,0,0,0,0,0,,0,0,,0,0,0,0
1613413355322,6,1010123456026,70,,1,2,35,1,2,,0,0,0,0,0,0,7.66667,,0,0,0,0,0,0,0,0,0,,0,0,,0,0,0,0
1613413355577,8,1010123456026,70,,1,2,35,1,2,,0,0,0,0,0,0,7.57143,,0,0,0,0,0,0,0,0,0,,0,0,,0,0,0,0
1613413355818,8,1010123456026,70,,1,2,35,1,2,,0,0,0,0,0,0,7.83333,,0,0,0,0,0,0,0,0,0,,0,0,,0,0,0,0
1613413356068,8,1010123456026,70,,1,2,35,1,2,,0,0,0,0,0,0,7.66667,,0,0,0,0,0,0,0,0,0,,0,0,,0,0,0,0
1613413356318,6,1010123456026,70,,1,2,35,1,2,,0,0,0,0,0,0,7.66667,,0,0,0,0,0,0,0,0,0,,0,0,,0,0,0,0
1613413356568,5,1010123456026,70,,1,2,35,1,2,,0,0,0,0,0,0,7.66667,,0,0,0,0,0,0,0,0,0,,0,0,,0,0,0,0
1613413356818,5,1010123456026,70,,1,2,35,1,2,,0,0,0,0,0,0,7.66667,,0,0,0,0,0,0,0,0,0,,0,0,,0,0,0,0
1613413357094,8,1010123456026,70,,1,2,35,1,2,,0,0,0,0,0,0,7.57143,,0,0,0,0,0,0,0,0,0,,0,0,,0,0,0,0
1613413357318,10,1010123456026,70,,1,2,35,1,2,,0,0,0,0,0,0,7.8,,0,0,0,0,0,0,0,0,0,,0,0,,0,0,0,0
1613413357568,10,1010123456026,70,,1,2,35,1,2,,0,0,0,0,0,0,7.28571,,0,0,0,0,0,0,0,0,0,,0,0,,0,0,0,0
1613413357818,10,1010123456026,70,,1,2,35,1,2,,0,0,0,0,0,0,7.83333,,0,0,0,0,0,0,0,0,0,,0,0,,0,0,0,0
1613413358071,7,1010123456026,70,,1,2,35,1,2,,0,0,0,0,0,0,7.8,,0,0,0,0,0,0,0,0,0,,0,0,,0,0,0,0
1613413358318,6,1010123456026,70,,1,2,35,1,2,,0,0,0,0,0,0,7.5,,0,0,0,0,0,0,0,0,0,,0,0,,0,0,0,0
1613413358568,6,1010123456026,70,,1,2,35,1,2,,0,0,0,0,0,0,7.42857,,0,0,0,0,0,0,0,0,0,,0,0,,0,0,0,0
1613413358818,6,1010123456026,70,,1,2,35,1,2,,0,0,0,0,0,0,7.83333,,0,0,0,0,0,0,0,0,0,,0,0,,0,0,0,0
1613413359068,6,1010123456026,70,,1,2,35,1,2,,0,0,0,0,0,0,7.5,,0,0,0,0,0,0,0,0,0,,0,0,,0,0,0,0
1613413359318,6,1010123456026,70,,1,2,35,1,2,,0,0,0,0,0,0,7.66667,,0,0,0,0,0,0,0,0,0,,0,0,,0,0,0,0
1613413359568,6,1010123456026,70,,1,2,35,1,2,,0,0,0,0,0,0,8.71429,,0,0,0,0,0,0,0,0,0,,0,0,,0,0,0,0
1613413359818,6,1010123456026,70,,1,2,35,1,2,,0,0,0,0,0,0,7.5,,0,0,0,0,0,0,0,0,0,,0,0,,0,0,0,0
1613413360068,6,1010123456026,70,,1,2,35,1,2,,0,0,0,0,0,0,7.66667,,0,0,0,0,0,0,0,0,0,,0,0,,0,0,0,0
1613413360318,6,1010123456026,70,,1,2,35,1,2,,0,0,0,0,0,0,7.6,,0,0,0,0,0,0,0,0,0,,0,0,,0,0,0,0
1613413360568,6,1010123456026,70,,1,2,35,1,2,,0,0,0,0,0,0,8,,0,0,0,0,0,0,0,0,0,,0,0,,0,0,0,0
1613413360818,6,1010123456026,70,,1,2,35,1,2,,0,0,0,0,0,0,7.66667,,0,0,0,0,0,0,0,0,0,,0,0,,0,0,0,0
1613413361068,6,1010123456026,70,,1,2,35,1,2,,0,0,0,0,0,0,7.66667,,0,0,0,0,0,0,0,0,0,,0,0,,0,0,0,0
1613413361318,6,1010123456026,70,,1,2,35,1,2,,0,0,0,0,0,0,7.33333,,0,0,0,0,0,0,0,0,0,,0,0,,0,0,0,0
1613413361568,6,1010123456026,70,,1,2,35,1,2,,0,0,0,0,0,0,7.33333,,0,0,0,0,0,0,0,0,0,,0,0,,0,0,0,0
1613413361818,6,1010123456026,70,,1,2,35,1,2,,0,0,0,0,0,0,7.33333,,0,0,0,0,0,0,0,0,0,,0,0,,0,0,0,0
1613413362068,6,1010123456026,70,,1,2,35,1,2,,0,0,0,0,0,0,7.5,,0,0,0,0,0,0,0,0,0,,0,0,,0,0,0,0
1613413362318,6,1010123456026,70,,1,2,35,1,2,,0,0,0,0,0,0,7.5,,0,0,0,0,0,0,0,0,0,,0,0,,0,0,0,0
1613413362568,6,1010123456026,70,,1,2,35,1,2,,0,0,0,0,0,0,7.28571,,0,0,0,0,0,0,0,0,0,,0,0,,0,0,0,0
1613413362818,6,1010123456026,70,,1,2,35,1,2,,0,0,0,0,0,0,7.33333,,0,0,0,0,0,0,0,0,0,,0,0,,0,0,0,0
1613413363068,6,1010123456026,70,,1,2,35,1,2,,0,0,0,0,0,0,7.5,,0,0,0,0,0,0,0,0,0,,0,0,,0,0,0,0
1613413363318,6,1010123456026,70,,1,2,35,1,2,,0,0,0,0,0,0,7.66667,,0,0,0,0,0,0,0,0,0,,0,0,,0,0,0,0
1613413363568,6,1010123456026,70,,1,2,35,1,2,,0,0,0,0,0,0,8.42857,,0,0,0,0,0,0,0,0,0,,0,0,,0,0,0,0
1613413363818,6,1010123456026,70,,1,2,35,1,2,,0,0,0,0,0,0,7.4,,0,0,0,0,0,0,0,0,0,,0,0,,0,0,0,0
1613413364068,6,1010123456026,70,,1,2,35,1,2,,0,0,0,0,0,0,8.66667,,0,0,0,0,0,0,0,0,0,,0,0,,0,0,0,0
1613413364318,6,1010123456026,70,,1,2,35,1,2,,0,0,0,0,0,0,7.66667,,0,0,0,0,0,0,0,0,0,,0,0,,0,0,0,0
1613413364568,6,1010123456026,70,,1,2,35,1,2,,0,0,0,0,0,0,7.57143,,0,0,0,0,0,0,0,0,0,,0,0,,0,0,0,0
1613413364818,6,1010123456026,70,,1,2,35,1,2,,0,0,0,0,0,0,7.6,,0,0,0,0,0,0,0,0,0,,0,0,,0,0,0,0
1613413365068,6,1010123456026,70,,1,2,35,1,2,,0,0,0,0,0,0,7.5,,0,0,0,0,0,0,0,0,0,,0,0,,0,0,0,0
1613413365318,6,1010123456026,70,,1,2,35,1,2,,0,0,0,0,0,0,7.5,,0,0,0,0,0,0,0,0,0,,0,0,,0,0,0,0
1613413365568,6,1010123456026,70,,1,2,35,1,2,,0,0,0,0,0,0,7.28571,,0,0,0,0,0,0,0,0,0,,0,0,,0,0,0,0
1613413365818,6,1010123456026,70,,1,2,35,1,2,,0,0,0,0,0,0,8.8,,0,0,0,0,0,0,0,0,0,,0,0,,0,0,0,0
1613413366068,6,1010123456026,70,,1,2,35,1,2,,0,0,0,0,0,0,7.5,,0,0,0,0,0,0,0,0,0,,0,0,,0,0,0,0
1613413366318,6,1010123456026,70,,1,2,35,1,2,,0,0,0,0,0,0,7.5,,0,0,0,0,0,0,0,0,0,,0,0,,0,0,0,0
1613413366568,6,1010123456026,70,,1,2,35,1,2,,0,0,0,0,0,0,7.33333,,0,0,0,0,0,0,0,0,0,,0,0,,0,0,0,0
1613413366818,6,1010123456026,70,,1,2,35,1,2,,0,0,0,0,0,0,7.5,,0,0,0,0,0,0,0,0,0,,0,0,,0,0,0,0
1613413367068,6,1010123456026,70,,1,2,35,1,2,,0,0,0,0,0,0,7.5,,0,0,0,0,0,0,0,0,0,,0,0,,0,0,0,0
1613413367318,6,1010123456026,70,,1,2,35,1,2,,0,0,0,0,0,0,7.4,,0,0,0,0,0,0,0,0,0,,0,0,,0,0,0,0
1613413367568,6,1010123456026,70,,1,2,35,1,2,,0,0,0,0,0,0,7,,0,0,0,0,0,0,0,0,0,,0,0,,0,0,0,0
1613413367818,6,1010123456026,70,,1,2,35,1,2,,0,0,0,0,0,0,7.4,,0,0,0,0,0,0,0,0,0,,0,0,,0,0,0,0
1613413368068,6,1010123456026,70,,1,2,35,1,2,,0,0,0,0,0,0,7.6,,0,0,0,0,0,0,0,0,0,,0,0,,0,0,0,0
1613413368318,6,1010123456026,70,,1,2,35,1,2,,0,0,0,0,0,0,7.66667,,0,0,0,0,0,0,0,0,0,,0,0,,0,0,0,0
1613413368568,6,1010123456026,70,,1,2,35,1,2,,0,0,0,0,0,0,7.66667,,0,0,0,0,0,0,0,0,0,,0,0,,0,0,0,0
1613413368818,6,1010123456026,70,,1,2,35,1,2,,0,0,0,0,0,0,7.4,,0,0,0,0,0,0,0,0,0,,0,0,,0,0,0,0
1613413369068,6,1010123456026,70,,1,2,35,1,2,,0,0,0,0,0,0,7.5,,0,0,0,0,0,0,0,0,0,,0,0,,0,0,0,0
1613413369318,6,1010123456026,70,,1,2,35,1,2,,0,0,0,0,0,0,7,,0,0,0,0,0,0,0,0,0,,0,0,,0,0,0,0
1613413369568,6,1010123456026,70,,1,2,35,1,2,,0,0,0,0,0,0,7.33333,,0,0,0,0,0,0,0,0,0,,0,0,,0,0,0,0
1613413369818,6,1010123456026,70,,1,2,35,1,2,,0,0,0,0,0,0,7.83333,,0,0,0,0,0,0,0,0,0,,0,0,,0,0,0,0
1613413370068,6,1010123456026,70,,1,2,35,1,2,,0,0,0,0,0,0,7.83333,,0,0,0,0,0,0,0,0,0,,0,0,,0,0,0,0
1613413370318,6,1010123456026,70,,1,2,35,1,2,,0,0,0,0,0,0,7.5,,0,0,0,0,0,0,0,0,0,,0,0,,0,0,0,0
1613413370568,6,1010123456026,70,,1,2,35,1,2,,0,0,0,0,0,0,7.71429,,0,0,0,0,0,0,0,0,0,,0,0,,0,0,0,0
1613413370818,6,1010123456026,70,,1,2,35,1,2,,0,0,0,0,0,0,7.83333,,0,0,0,0,0,0,0,0,0,,0,0,,0,0,0,0
1613413371068,6,1010123456026,70,,1,2,35,1,2,,0,0,0,0,0,0,7.6,,0,0,0,0,0,0,0,0,0,,0,0,,0,0,0,0
1613413371318,6,1010123456026,70,,1,2,35,1,2,,0,0,0,0,0,0,7.5,,0,0,0,0,0,0,0,0,0,,0,0,,0,0,0,0
1613413371568,6,1010123456026,70,,1,2,35,1,2,,0,0,0,0,0,0,7.42857,,0,0,0,0,0,0,0,0,0,,0,0,,0,0,0,0
1613413371818,6,1010123456026,70,,1,2,35,1,2,,0,0,0,0,0,0,7.5,,0,0,0,0,0,0,0,0,0,,0,0,,0,0,0,0
1613413372068,6,1010123456026,70,,1,2,35,1,2,,0,0,0,0,0,0,7.5,,0,0,0,0,0,0,0,0,0,,0,0,,0,0,0,0
1613413372318,6,1010123456026,70,,1,2,35,1,2,,0,0,0,0,0,0,7.6,,0,0,0,0,0,0,0,0,0,,0,0,,0,0,0,0
1613413372568,6,1010123456026,70,,1,2,35,1,2,,0,0,0,0,0,0,7.33333,,0,0,0,0,0,0,0,0,0,,0,0,,0,0,0,0
1613413372818,6,1010123456026,70,,1,2,35,1,2,,0,0,0,0,0,0,7.5,,0,0,0,0,0,0,0,0,0,,0,0,,0,0,0,0
1613413373068,6,1010123456026,70,,1,2,35,1,2,,0,0,0,0,0,0,7.6,,15,4,0,0.1,1,0,0,31.1258,31,,0,0,,0,0,0,1
1613413373318,6,1010123456026,70,,1,2,35,1,2,,0,0,0,0,0,0,7.33333,,0,0,0,0,0,0,0,0,0,,0,0,,0,0,0,0
1613413373568,6,1010123456026,70,,1,2,35,1,2,,0,0,0,0,0,0,7.28571,,0,0,0,0,0,0,0,0,0,,0,0,,0,0,0,0
1613413373818,6,1010123456026,70,,1,2,35,1,2,,0,0,0,0,0,0,7.4,,0,0,0,0,0,0,0,0,0,,0,0,,0,0,0,0
1613413374068,6,1010123456026,70,,1,2,35,1,2,,0,0,0,0,0,0,7.4,,0,0,0,0,0,0,0,0,0,,0,0,,0,0,0,0
1613413374318,6,1010123456026,70,,1,2,35,1,2,,0,0,0,0,0,0,7.5,,0,0,0,0,0,0,0,0,0,,0,0,,0,0,0,0
1613413374568,6,1010123456026,70,,1,2,35,1,2,,0,0,0,0,0,0,7.14286,,0,0,0,0,0,0,0,0,0,,0,0,,0,0,0,0
1613413374818,6,1010123456026,70,,1,2,35,1,2,,0,0,0,0,0,0,7.5,,0,0,0,0,0,0,0,0,0,,0,0,,0,0,0,0
1613413375068,6,1010123456026,70,,1,2,35,1,2,,0,0,0,0,0,0,7.5,,0,0,0,0,0,0,0,0,0,,0,0,,0,0,0,0
1613413375318,6,1010123456026,70,,1,2,35,1,2,,0,0,0,0,0,0,7.4,,0,0,0,0,0,0,0,0,0,,0,0,,0,0,0,0
1613413375568,6,1010123456026,70,,1,2,35,1,2,,0,0,0,0,0,0,7.66667,,0,0,0,0,0,0,0,0,0,,0,0,,0,0,0,0
1613413375818,6,1010123456026,70,,1,2,35,1,2,,0,0,0,0,0,0,7.33333,,0,0,0,0,0,0,0,0,0,,0,0,,0,0,0,0
1613413376068,6,1010123456026,70,,1,2,35,1,2,,0,0,0,0,0,0,7.5,,0,0,0,0,0,0,0,0,0,,0,0,,0,0,0,0
1613413376318,6,1010123456026,70,,1,2,35,1,2,,0,0,0,0,0,0,7.5,,0,0,0,0,0,0,0,0,0,,0,0,,0,0,0,0
1613413376568,6,1010123456026,70,,1,2,35,1,2,,0,0,0,0,0,0,7.57143,,0,0,0,0,0,0,0,0,0,,0,0,,0,0,0,0
1613413376818,6,1010123456026,70,,1,2,35,1,2,,0,0,0,0,0,0,6.83333,,0,0,0,0,0,0,0,0,0,,0,0,,0,0,0,0
1613413377068,6,1010123456026,70,,1,2,35,1,2,,0,0,0,0,0,0,7.2,,0,0,0,0,0,0,0,0,0,,0,0,,0,0,0,0
1613413377318,6,1010123456026,70,,1,2,35,1,2,,0,0,0,0,0,0,7.4,,0,0,0,0,0,0,0,0,0,,0,0,,0,0,0,0
1613413377568,6,1010123456026,70,,1,2,35,1,2,,0,0,0,0,0,0,7.5,,0,0,0,0,0,0,0,0,0,,0,0,,0,0,0,0
1613413377818,6,1010123456026,70,,1,2,35,1,2,,0,0,0,0,0,0,7,,0,0,0,0,0,0,0,0,0,,0,0,,0,0,0,0
1613413378068,6,1010123456026,70,,1,2,35,1,2,,0,0,0,0,0,0,7.2,,0,0,0,0,0,0,0,0,0,,0,0,,0,0,0,0
1613413378318,6,1010123456026,70,,1,2,35,1,2,,0,0,0,0,0,0,7.5,,0,0,0,0,0,0,0,0,0,,0,0,,0,0,0,0
1613413378568,6,1010123456026,70,,1,2,35,1,2,,0,0,0,0,0,0,7.42857,,0,0,0,0,0,0,0,0,0,,0,0,,0,0,0,0
1613413378818,6,1010123456026,70,,1,2,35,1,2,,0,0,0,0,0,0,7.33333,,0,0,0,0,0,0,0,0,0,,0,0,,0,0,0,0
1613413379068,6,1010123456026,70,,1,2,35,1,2,,0,0,0,0,0,0,7.66667,,0,0,0,0,0,0,0,0,0,,0,0,,0,0,0,0
1613413379318,6,1010123456026,70,,1,2,35,1,2,,0,0,0,0,0,0,7.2,,0,0,0,0,0,0,0,0,0,,0,0,,0,0,0,0
1613413379568,6,1010123456026,70,,1,2,35,1,2,,0,0,0,0,0,0,7.85714,,0,0,0,0,0,0,0,0,0,,0,0,,0,0,0,0
1613413379818,6,1010123456026,70,,1,2,35,1,2,,0,0,0,0,0,0,7.5,,0,0,0,0,0,0,0,0,0,,0,0,,0,0,0,0
1613413380068,6,1010123456026,70,,1,2,35,1,2,,0,0,0,0,0,0,7.83333,,0,0,0,0,0,0,0,0,0,,0,0,,0,0,0,0
1613413380318,6,1010123456026,70,,1,2,35,1,2,,0,0,0,0,0,0,7.6,,0,0,0,0,0,0,0,0,0,,0,0,,0,0,0,0
1613413380568,6,1010123456026,70,,1,2,35,1,2,,0,0,0,0,0,0,7.33333,,0,0,0,0,0,0,0,0,0,,0,0,,0,0,0,0
1613413380818,6,1010123456026,70,,1,2,35,1,2,,0,0,0,0,0,0,7.16667,,0,0,0,0,0,0,0,0,0,,0,0,,0,0,0,0
1613413381068,6,1010123456026,70,,1,2,35,1,2,,0,0,0,0,0,0,7.5,,0,0,0,0,0,0,0,0,0,,0,0,,0,0,0,0
1613413381318,6,1010123456026,70,,1,2,35,1,2,,0,0,0,0,0,0,7.33333,,0,0,0,0,0,0,0,0,0,,0,0,,0,0,0,0
1613413381568,6,1010123456026,70,,1,2,35,1,2,,0,0,0,0,0,0,7.33333,,0,0,0,0,0,0,0,0,0,,0,0,,0,0,0,0
1613413381818,6,1010123456026,70,,1,2,35,1,2,,0,0,0,0,0,0,7.6,,0,0,0,0,0,0,0,0,0,,0,0,,0,0,0,0
1613413382068,6,1010123456026,70,,1,2,35,1,2,,0,0,0,0,0,0,7.33333,,0,0,0,0,0,0,0,0,0,,0,0,,0,0,0,0
1613413382318,6,1010123456026,70,,1,2,35,1,2,,0,0,0,0,0,0,7.5,,0,0,0,0,0,0,0,0,0,,0,0,,0,0,0,0
1613413382568,6,1010123456026,70,,1,2,35,1,2,,0,0,0,0,0,0,7.42857,,0,0,0,0,0,0,0,0,0,,0,0,,0,0,0,0
1613413382818,6,1010123456026,70,,1,2,35,1,2,,0,0,0,0,0,0,7,,0,0,0,0,0,0,0,0,0,,0,0,,0,0,0,0
1613413383068,6,1010123456026,70,,1,2,35,1,2,,0,0,0,0,0,0,7.66667,,0,0,0,0,0,0,0,0,0,,0,0,,0,0,0,0
1613413383318,6,1010123456026,70,,1,2,35,1,2,,0,0,0,0,0,0,7.5,,0,0,0,0,0,0,0,0,0,,0,0,,0,0,0,0
1613413383568,6,1010123456026,70,,1,2,35,1,2,,0,0,0,0,0,0,7.42857,,0,0,0,0,0,0,0,0,0,,0,0,,0,0,0,0
1613413383818,6,1010123456026,70,,1,2,35,1,2,,0,0,0,0,0,0,8.83333,,0,0,0,0,0,0,0,0,0,,0,0,,0,0,0,0
1613413384068,6,1010123456026,70,,1,2,35,1,2,,0,0,0,0,0,0,7.33333,,0,0,0,0,0,0,0,0,0,,0,0,,0,0,0,0
1613413384318,6,1010123456026,70,,1,2,35,1,2,,0,0,0,0,0,0,7.5,,0,0,0,0,0,0,0,0,0,,0,0,,0,0,0,0
1613413384568,6,1010123456026,70,,1,2,35,1,2,,0,0,0,0,0,0,8.42857,,0,0,0,0,0,0,0,0,0,,0,0,,0,0,0,0
1613413384818,6,1010123456026,70,,1,2,35,1,2,,0,0,0,0,0,0,7.5,,0,0,0,0,0,0,0,0,0,,0,0,,0,0,0,0
1613413385068,6,1010123456026,70,,1,2,35,1,2,,0,0,0,0,0,0,7.2,,0,0,0,0,0,0,0,0,0,,0,0,,0,0,0,0
1613413385318,6,1010123456026,70,,1,2,35,1,2,,0,0,0,0,0,0,7.16667,,0,0,0,0,0,0,0,0,0,,0,0,,0,0,0,0
1613413385568,6,1010123456026,70,,1,2,35,1,2,,0,0,0,0,0,0,7.42857,,0,0,0,0,0,0,0,0,0,,0,0,,0,0,0,0
1613413385818,6,1010123456026,70,,1,2,35,1,2,,0,0,0,0,0,0,7.6,,0,0,0,0,0,0,0,0,0,,0,0,,0,0,0,0
1613413386068,6,1010123456026,70,,1,2,35,1,2,,0,0,0,0,0,0,7.4,,0,0,0,0,0,0,0,0,0,,0,0,,0,0,0,0
1613413386318,6,1010123456026,70,,1,2,35,1,2,,0,0,0,0,0,0,7.4,,0,0,0,0,0,0,0,0,0,,0,0,,0,0,0,0
1613413386568,6,1010123456026,70,,1,2,35,1,2,,0,0,0,0,0,0,8,,0,0,0,0,0,0,0,0,0,,0,0,,0,0,0,0
1613413386818,6,1010123456026,70,,1,2,35,1,2,,0,0,0,0,0,0,7.5,,0,0,0,0,0,0,0,0,0,,0,0,,0,0,0,0
1613413387068,6,1010123456026,70,,1,2,35,1,2,,0,0,0,0,0,0,7.33333,,0,0,0,0,0,0,0,0,0,,0,0,,0,0,0,0
1613413387318,6,1010123456026,70,,1,2,35,1,2,,0,0,0,0,0,0,7.8,,0,0,0,0,0,0,0,0,0,,0,0,,0,0,0,0
1613413387568,6,1010123456026,70,,1,2,35,1,2,,0,0,0,0,0,0,7,,0,0,0,0,0,0,0,0,0,,0,0,,0,0,0,0
1613413387818,6,1010123456026,70,,1,2,35,1,2,,0,0,0,0,0,0,7.6,,0,0,0,0,0,0,0,0,0,,0,0,,0,0,0,0
1613413388068,6,1010123456026,70,,1,2,35,1,2,,0,0,0,0,0,0,6.5,,0,0,0,0,0,0,0,0,0,,0,0,,0,0,0,0
1613413388318,6,1010123456026,70,,1,2,35,1,2,,0,0,0,0,0,0,7.16667,,0,0,0,0,0,0,0,0,0,,0,0,,0,0,0,0
1613413388568,6,1010123456026,70,,1,2,35,1,2,,0,0,0,0,0,0,7.83333,,0,0,0,0,0,0,0,0,0,,0,0,,0,0,0,0
1613413388818,6,1010123456026,70,,1,2,35,1,2,,0,0,0,0,0,0,7.4,,0,0,0,0,0,0,0,0,0,,0,0,,0,0,0,0
1613413389068,6,1010123456026,70,,1,2,35,1,2,,0,0,0,0,0,0,8.2,,0,0,0,0,0,0,0,0,0,,0,0,,0,0,0,0
1613413389318,6,1010123456026,70,,1,2,35,1,2,,0,0,0,0,0,0,7.5,,0,0,0,0,0,0,0,0,0,,0,0,,0,0,0,0
1613413389568,6,1010123456026,70,,1,2,35,1,2,,0,0,0,0,0,0,7.5,,0,0,0,0,0,0,0,0,0,,0,0,,0,0,0,0
1613413389818,6,1010123456026,70,,1,2,35,1,2,,0,0,0,0,0,0,8,,0,0,0,0,0,0,0,0,0,,0,0,,0,0,0,0
1613413390068,6,1010123456026,70,,1,2,35,1,2,,0,0,0,0,0,0,7.83333,,0,0,0,0,0,0,0,0,0,,0,0,,0,0,0,0
1613413390318,6,1010123456026,70,,1,2,35,1,2,,0,0,0,0,0,0,7.5,,0,0,0,0,0,0,0,0,0,,0,0,,0,0,0,0
1613413390568,6,1010123456026,70,,1,2,35,1,2,,0,0,0,0,0,0,7.66667,,0,0,0,0,0,0,0,0,0,,0,0,,0,0,0,0
1613413390818,6,1010123456026,70,,1,2,35,1,2,,0,0,0,0,0,0,7.33333,,0,0,0,0,0,0,0,0,0,,0,0,,0,0,0,0
1613413391068,6,1010123456026,70,,1,2,35,1,2,,0,0,0,0,0,0,6.5,,0,0,0,0,0,0,0,0,0,,0,0,,0,0,0,0
1613413391318,6,1010123456026,70,,1,2,35,1,2,,0,0,0,0,0,0,7.4,,0,0,0,0,0,0,0,0,0,,0,0,,0,0,0,0
1613413391568,6,1010123456026,70,,1,2,35,1,2,,0,0,0,0,0,0,7.14286,,0,0,0,0,0,0,0,0,0,,0,0,,0,0,0,0
1613413391818,6,1010123456026,70,,1,2,35,1,2,,0,0,0,0,0,0,7.83333,,0,0,0,0,0,0,0,0,0,,0,0,,0,0,0,0
1613413392068,6,1010123456026,70,,1,2,35,1,2,,0,0,0,0,0,0,7.5,,0,0,0,0,0,0,0,0,0,,0,0,,0,0,0,0
1613413392318,6,1010123456026,70,,1,2,35,1,2,,0,0,0,0,0,0,7.5,,0,0,0,0,0,0,0,0,0,,0,0,,0,0,0,0
1613413392568,6,1010123456026,70,,1,2,35,1,2,,0,0,0,0,0,0,7.85714,,0,0,0,0,0,0,0,0,0,,0,0,,0,0,0,0
1613413392818,6,1010123456026,70,,1,2,35,1,2,,0,0,0,0,0,0,7.66667,,0,0,0,0,0,0,0,0,0,,0,0,,0,0,0,0
1613413393068,6,1010123456026,70,,1,2,35,1,2,,0,0,0,0,0,0,7.8,,0,0,0,0,0,0,0,0,0,,0,0,,0,0,0,0
1613413393318,6,1010123456026,70,,1,2,35,1,2,,0,0,0,0,0,0,7.83333,,0,0,0,0,0,0,0,0,0,,0,0,,0,0,0,0
1613413393568,6,1010123456026,70,,1,2,35,1,2,,0,0,0,0,0,0,7.71429,,0,0,0,0,0,0,0,0,0,,0,0,,0,0,0,0
1613413393818,6,1010123456026,70,,1,2,35,1,2,,0,0,0,0,0,0,7.33333,,0,0,0,0,0,0,0,0,0,,0,0,,0,0,0,0
1613413394068,6,1010123456026,70,,1,2,35,1,2,,0,0,0,0,0,0,7.33333,,0,0,0,0,0,0,0,0,0,,0,0,,0,0,0,0
1613413394318,6,1010123456026,70,,1,2,35,1,2,,0,0,0,0,0,0,7.6,,0,0,0,0,0,0,0,0,0,,0,0,,0,0,0,0
1613413394568,6,1010123456026,70,,1,2,35,1,2,,0,0,0,0,0,0,7.57143,,0,0,0,0,0,0,0,0,0,,0,0,,0,0,0,0
1613413394818,6,1010123456026,70,,1,2,35,1,2,,0,0,0,0,0,0,7.83333,,0,0,0,0,0,0,0,0,0,,0,0,,0,0,0,0
1613413395068,6,1010123456026,70,,1,2,35,1,2,,0,0,0,0,0,0,7.8,,0,0,0,0,0,0,0,0,0,,0,0,,0,0,0,0
1613413395318,6,1010123456026,70,,1,2,35,1,2,,0,0,0,0,0,0,7.66667,,0,0,0,0,0,0,0,0,0,,0,0,,0,0,0,0
1613413395568,6,1010123456026,70,,1,2,35,1,2,,0,0,0,0,0,0,7.5,,0,0,0,0,0,0,0,0,0,,0,0,,0,0,0,0
1613413395818,6,1010123456026,70,,1,2,35,1,2,,0,0,0,0,0,0,7.66667,,0,0,0,0,0,0,0,0,0,,0,0,,0,0,0,0
1613413396068,6,1010123456026,70,,1,2,35,1,2,,0,0,0,0,0,0,7.5,,0,0,0,0,0,0,0,0,0,,0,0,,0,0,0,0
1613413396318,6,1010123456026,70,,1,2,35,1,2,,0,0,0,0,0,0,7.83333,,0,0,0,0,0,0,0,0,0,,0,0,,0,0,0,0
1613413396568,6,1010123456026,70,,1,2,35,1,2,,0,0,0,0,0,0,7.4,,0,0,0,0,0,0,0,0,0,,0,0,,0,0,0,0
1613413396818,6,1010123456026,70,,1,2,35,1,2,,0,0,0,0,0,0,7.66667,,0,0,0,0,0,0,0,0,0,,0,0,,0,0,0,0
1613413397068,6,1010123456026,70,,1,2,35,1,2,,0,0,0,0,0,0,7.66667,,0,0,0,0,0,0,0,0,0,,0,0,,0,0,0,0
1613413397318,6,1010123456026,70,,1,2,35,1,2,,0,0,0,0,0,0,7.25,,0,0,0,0,0,0,0,0,0,,0,0,,0,0,0,0
1613413397568,6,1010123456026,70,,1,2,35,1,2,,0,0,0,0,0,0,7.71429,,0,0,0,0,0,0,0,0,0,,0,0,,0,0,0,0
1613413397818,6,1010123456026,70,,1,2,35,1,2,,0,0,0,0,0,0,7.4,,0,0,0,0,0,0,0,0,0,,0,0,,0,0,0,0
1613413398068,6,1010123456026,70,,1,2,35,1,2,,0,0,0,0,0,0,7.66667,,0,0,0,0,0,0,0,0,0,,0,0,,0,0,0,0
1613413398318,6,1010123456026,70,,1,2,35,1,2,,0,0,0,0,0,0,7.5,,0,0,0,0,0,0,0,0,0,,0,0,,0,0,0,0
1613413398568,6,1010123456026,70,,1,2,35,1,2,,0,0,0,0,0,0,7.5,,0,0,0,0,0,0,0,0,0,,0,0,,0,0,0,0
1613413398818,6,1010123456026,70,,1,2,35,1,2,,0,0,0,0,0,0,7.5,,0,0,0,0,0,0,0,0,0,,0,0,,0,0,0,0
1613413399068,6,1010123456026,70,,1,2,35,1,2,,0,0,0,0,0,0,7.5,,0,0,0,0,0,0,0,0,0,,0,0,,0,0,0,0
1613413399318,6,1010123456026,70,,1,2,35,1,2,,0,0,0,0,0,0,7.83333,,0,0,0,0,0,0,0,0,0,,0,0,,0,0,0,0
1613413399568,6,1010123456026,70,,1,2,35,1,2,,0,0,0,0,0,0,7.66667,,0,0,0,0,0,0,0,0,0,,0,0,,0,0,0,0
1613413399818,6,1010123456026,70,,1,2,35,1,2,,0,0,0,0,0,0,7.6,,0,0,0,0,0,0,0,0,0,,0,0,,0,0,0,0
1613413400068,6,1010123456026,70,,1,2,35,1,2,,0,0,0,0,0,0,7.33333,,0,0,0,0,0,0,0,0,0,,0,0,,0,0,0,0
1613413400318,6,1010123456026,70,,1,2,35,1,2,,0,0,0,0,0,0,7.4,,0,0,0,0,0,0,0,0,0,,0,0,,0,0,0,0
1613413400568,6,1010123456026,70,,1,2,35,1,2,,0,0,0,0,0,0,8.57143,,0,0,0,0,0,0,0,0,0,,0,0,,0,0,0,0
1613413400818,6,1010123456026,70,,1,2,35,1,2,,9,7,0,0.011328,2,0,7.5,,0,3,0,0.1,1,0,0,0,31,,0,18,,0,0,0,0
1613413401068,6,1010123456026,70,,1,2,35,1,2,,10.7522,113,0,0.182016,31,0,7.5,,10.8361,61,0,0.1,17,70.5882,0,6.35316,0,,0,264,,0,0,0,7.4918
1613413401318,6,1010123456026,70,,1,2,35,1,2,,10.7143,7,3132,0.021888,4,0,7.66667,,0,0,0,0,0,0,0,0,0,,2793,2972,,0,0,0,0
1613413401568,6,1010123456026,70,,1,2,35,1,2,,0,0,6262,0,0,0,7.42857,,0,0,0,0,0,0,0,0,0,,7039,7077,,0,0,0,0
1613413401818,6,1010123456026,70,,1,2,35,1,2,,0,0,10018,0,0,0,7.66667,,0,0,0,0,0,0,0,0,0,,4500,4423,,0,0,0,0
1613413402068,6,1010123456026,70,,1,2,35,1,2,,0,0,13774,0,0,0,7.33333,,0,0,0,0,0,0,0,0,0,,4500,4421,,0,0,0,0
1613413402318,6,1010123456026,70,,1,2,35,1,2,,0,0,16434,0,0,0,7.33333,,0,0,0,0,0,0,0,0,0,,4500,4427,,0,0,0,0
1613413402568,6,1010123456026,70,,1,2,35,1,2,,0,0,18782,0,0,0,7.42857,,0,0,0,0,0,0,0,0,0,,4500,4429,,0,0,0,0
1613413402818,6,1010123456026,70,,1,2,35,1,2,,0,0,20034,0,0,0,7.4,,0,0,0,0,0,0,0,0,0,,4500,4401,,0,0,0,0
1613413403068,6,1010123456026,70,,1,2,35,1,2,,0,0,20034,0,0,0,7.5,,0,0,0,0,0,0,0,0,0,,4500,4418,,0,0,0,0
1613413403318,6,1010123456026,70,,1,2,35,1,2,,0,0,20034,0,0,0,7.16667,,0,0,0,0,0,0,0,0,0,,4500,4409,,0,0,0,0
1613413403568,6,1010123456026,70,,1,2,35,1,2,,0,0,20034,0,0,0,7.28571,,0,0,0,0,0,0,0,0,0,,4500,4419,,0,0,0,0
1613413403818,6,1010123456026,70,,1,2,35,1,2,,0,0,20034,0,0,0,7.5,,0,0,0,0,0,0,0,0,0,,4500,4427,,0,0,0,0
1613413404068,6,1010123456026,70,,1,2,35,1,2,,0,0,20034,0,0,0,7.5,,0,0,0,0,0,0,0,0,0,,4500,4424,,0,0,0,0
1613413404318,6,1010123456026,70,,1,2,35,1,2,,0,0,20034,0,0,0,7.33333,,0,0,0,0,0,0,0,0,0,,4500,4421,,0,0,0,0
1613413404568,6,1010123456026,70,,1,2,35,1,2,,0,0,20034,0,0,0,7.5,,0,0,0,0,0,0,0,0,0,,4500,4405,,0,0,0,0
1613413404818,6,1010123456026,70,,1,2,35,1,2,,0,0,20034,0,0,0,7.5,,0,0,0,0,0,0,0,0,0,,4500,4416,,0,0,0,0
1613413405068,6,1010123456026,70,,1,2,35,1,2,,0,0,20034,0,0,0,7.5,,0,0,0,0,0,0,0,0,0,,4500,4424,,0,0,0,0
1613413405318,6,1010123456026,70,,1,2,35,1,2,,0,0,20034,0,0,0,7.66667,,0,0,0,0,0,0,0,0,0,,4500,4412,,0,0,0,0
1613413405568,6,1010123456026,70,,1,2,35,1,2,,0,0,20034,0,0,0,7.57143,,0,0,0,0,0,0,0,0,0,,4500,4419,,0,0,0,0
1613413405818,6,1010123456026,70,,1,2,35,1,2,,0,0,20034,0,0,0,7.8,,0,0,0,0,0,0,0,0,0,,4500,4412,,0,0,0,0
1613413406068,6,1010123456026,70,,1,2,35,1,2,,0,0,20034,0,0,0,7,,0,0,0,0,0,0,0,0,0,,4500,4426,,0,0,0,0
1613413406318,6,1010123456026,70,,1,2,35,1,2,,0,0,20034,0,0,0,7.5,,0,0,0,0,0,0,0,0,0,,4500,4426,,0,0,0,0
1613413406568,6,1010123456026,70,,1,2,35,1,2,,0,0,20034,0,0,0,7.57143,,0,0,0,0,0,0,0,0,0,,4500,4419,,0,0,0,0
1613413406818,6,1010123456026,70,,1,2,35,1,2,,0,0,20034,0,0,0,7.33333,,0,0,0,0,0,0,0,0,0,,4500,4418,,0,0,0,0
1613413407068,6,1010123456026,70,,1,2,35,1,2,,0,0,20034,0,0,0,7.16667,,0,0,0,0,0,0,0,0,0,,4500,4410,,0,0,0,0
1613413407318,6,1010123456026,70,,1,2,35,1,2,,0,0,20034,0,0,0,7.5,,0,0,0,0,0,0,0,0,0,,4500,4415,,0,0,0,0
1613413407568,6,1010123456026,70,,1,2,35,1,2,,0,0,20034,0,0,0,7.42857,,0,0,0,0,0,0,0,0,0,,4500,4414,,0,0,0,0
1613413407818,6,1010123456026,70,,1,2,35,1,2,,0,0,20034,0,0,0,7.66667,,0,0,0,0,0,0,0,0,0,,4500,4425,,0,0,0,0
1613413408068,6,1010123456026,70,,1,2,35,1,2,,0,0,20034,0,0,0,7.5,,0,0,0,0,0,0,0,0,0,,4500,4424,,0,0,0,0
1613413408318,6,1010123456026,70,,1,2,35,1,2,,0,0,20034,0,0,0,7.66667,,0,0,0,0,0,0,0,0,0,,4500,4419,,0,0,0,0
1613413408568,6,1010123456026,70,,1,2,35,1,2,,0,0,20034,0,0,0,7.28571,,0,0,0,0,0,0,0,0,0,,4500,4414,,0,0,0,0
1613413408818,6,1010123456026,70,,1,2,35,1,2,,0,0,20034,0,0,0,7.16667,,0,0,0,0,0,0,0,0,0,,4500,4409,,0,0,0,0
1613413409068,6,1010123456026,70,,1,2,35,1,2,,0,0,20034,0,0,0,7.5,,0,0,0,0,0,0,0,0,0,,4500,4430,,0,0,0,0
1613413409318,6,1010123456026,70,,1,2,35,1,2,,0,0,20034,0,0,0,7.5,,0,0,0,0,0,0,0,0,0,,4500,4424,,0,0,0,0
1613413409568,6,1010123456026,70,,1,2,35,1,2,,0,0,20034,0,0,0,7.71429,,0,0,0,0,0,0,0,0,0,,4500,4416,,0,0,0,0
1613413409818,6,1010123456026,70,,1,2,35,1,2,,0,0,20034,0,0,0,7.6,,0,0,0,0,0,0,0,0,0,,4500,4422,,0,0,0,0
1613413410068,6,1010123456026,70,,1,2,35,1,2,,0,0,20034,0,0,0,7.6,,0,0,0,0,0,0,0,0,0,,4500,4424,,0,0,0,0
1613413410318,6,1010123456026,70,,1,2,35,1,2,,0,0,20034,0,0,0,7.6,,0,0,0,0,0,0,0,0,0,,4500,4405,,0,0,0,0
1613413410568,6,1010123456026,70,,1,2,35,1,2,,0,0,20034,0,0,0,7.28571,,0,0,0,0,0,0,0,0,0,,4500,4431,,0,0,0,0
1613413410818,6,1010123456026,70,,1,2,35,1,2,,0,0,20034,0,0,0,7.4,,0,0,0,0,0,0,0,0,0,,4500,4413,,0,0,0,0
1613413411068,6,1010123456026,70,,1,2,35,1,2,,0,0,20034,0,0,0,7.66667,,0,0,0,0,0,0,0,0,0,,4500,4410,,0,0,0,0
1613413411318,6,1010123456026,70,,1,2,35,1,2,,0,0,20034,0,0,0,7.66667,,0,0,0,0,0,0,0,0,0,,4500,4425,,0,0,0,0
1613413411568,6,1010123456026,70,,1,2,35,1,2,,0,0,20034,0,0,0,7.71429,,0,0,0,0,0,0,0,0,0,,4500,4419,,0,0,0,0
1613413411818,6,1010123456026,70,,1,2,35,1,2,,0,0,20034,0,0,0,7.33333,,0,0,0,0,0,0,0,0,0,,4500,4415,,0,0,0,0
1613413412068,6,1010123456026,70,,1,2,35,1,2,,0,0,20034,0,0,0,7.5,,0,0,0,0,0,0,0,0,0,,4500,4408,,0,0,0,0
1613413412318,6,1010123456026,70,,1,2,35,1,2,,0,0,20034,0,0,0,7.5,,0,0,0,0,0,0,0,0,0,,4500,4407,,0,0,0,0
1613413412568,6,1010123456026,70,,1,2,35,1,2,,0,0,20034,0,0,0,7.71429,,0,0,0,0,0,0,0,0,0,,4500,4424,,0,0,0,0
1613413412818,6,1010123456026,70,,1,2,35,1,2,,0,0,20034,0,0,0,7.83333,,0,0,0,0,0,0,0,0,0,,4500,4413,,0,0,0,0
1613413413068,6,1010123456026,70,,1,2,35,1,2,,0,0,20034,0,0,0,7.4,,0,0,0,0,0,0,0,0,0,,4500,4412,,0,0,0,0
1613413413318,6,1010123456026,70,,1,2,35,1,2,,0,0,20034,0,0,0,7.33333,,0,0,0,0,0,0,0,0,0,,4500,4419,,0,0,0,0
1613413413568,6,1010123456026,70,,1,2,35,1,2,,0,0,20034,0,0,0,7.6,,0,0,0,0,0,0,0,0,0,,4500,4421,,0,0,0,0
1613413413818,6,1010123456026,70,,1,2,35,1,2,,0,0,20034,0,0,0,7.2,,0,0,0,0,0,0,0,0,0,,4500,4420,,0,0,0,0
1613413414068,6,1010123456026,70,,1,2,35,1,2,,0,0,20034,0,0,0,7.33333,,0,0,0,0,0,0,0,0,0,,4500,4412,,0,0,0,0
1613413414318,6,1010123456026,70,,1,2,35,1,2,,0,0,20034,0,0,0,7.4,,0,0,0,0,0,0,0,0,0,,4500,4405,,0,0,0,0
1613413414568,6,1010123456026,70,,1,2,35,1,2,,0,0,20034,0,0,0,7.28571,,0,0,0,0,0,0,0,0,0,,4500,4417,,0,0,0,0
1613413414818,6,1010123456026,70,,1,2,35,1,2,,0,0,20034,0,0,0,7.4,,0,0,0,0,0,0,0,0,0,,4500,4424,,0,0,0,0
1613413415068,6,1010123456026,70,,1,2,35,1,2,,0,0,20034,0,0,0,7.66667,,0,0,0,0,0,0,0,0,0,,4500,4420,,0,0,0,0
1613413415318,6,1010123456026,70,,1,2,35,1,2,,0,0,20034,0,0,0,7.2,,0,0,0,0,0,0,0,0,0,,4500,4423,,0,0,0,0
1613413415568,6,1010123456026,70,,1,2,35,1,2,,0,0,20034,0,0,0,7.42857,,0,0,0,0,0,0,0,0,0,,4500,4422,,0,0,0,0
1613413415818,6,1010123456026,70,,1,2,35,1,2,,0,0,20034,0,0,0,8.66667,,0,0,0,0,0,0,0,0,0,,4500,4403,,0,0,0,0
1613413416068,6,1010123456026,70,,1,2,35,1,2,,0,0,20034,0,0,0,7.5,,0,0,0,0,0,0,0,0,0,,4500,4424,,0,0,0,0
1613413416318,6,1010123456026,70,,1,2,35,1,2,,0,0,20034,0,0,0,9.16667,,0,0,0,0,0,0,0,0,0,,4500,4412,,0,0,0,0
1613413416568,6,1010123456026,70,,1,2,35,1,2,,0,0,20034,0,0,0,7.57143,,0,0,0,0,0,0,0,0,0,,4500,4425,,0,0,0,0
1613413416818,6,1010123456026,70,,1,2,35,1,2,,0,0,20034,0,0,0,7.4,,0,0,0,0,0,0,0,0,0,,4500,4422,,0,0,0,0
1613413417068,6,1010123456026,70,,1,2,35,1,2,,0,0,20034,0,0,0,7.4,,0,0,0,0,0,0,0,0,0,,4500,4432,,0,0,0,0
1613413417318,6,1010123456026,70,,1,2,35,1,2,,0,0,20034,0,0,0,7.5,,0,0,0,0,0,0,0,0,0,,4500,4417,,0,0,0,0
1613413417568,6,1010123456026,70,,1,2,35,1,2,,0,0,20034,0,0,0,7.71429,,0,0,0,0,0,0,0,0,0,,4500,4421,,0,0,0,0
1613413417818,6,1010123456026,70,,1,2,35,1,2,,0,0,20034,0,0,0,7.66667,,0,0,0,0,0,0,0,0,0,,4500,4404,,0,0,0,0
1613413418068,6,1010123456026,70,,1,2,35,1,2,,0,0,20034,0,0,0,7.33333,,0,0,0,0,0,0,0,0,0,,4500,4415,,0,0,0,0
1613413418318,6,1010123456026,70,,1,2,35,1,2,,0,0,20034,0,0,0,7.5,,0,0,0,0,0,0,0,0,0,,4500,4423,,0,0,0,0
1613413418568,6,1010123456026,70,,1,2,35,1,2,,0,0,20034,0,0,0,7.42857,,0,0,0,0,0,0,0,0,0,,4500,4417,,0,0,0,0
1613413418818,6,1010123456026,70,,1,2,35,1,2,,0,0,20034,0,0,0,8,,0,0,0,0,0,0,0,0,0,,4500,4413,,0,0,0,0
1613413419068,6,1010123456026,70,,1,2,35,1,2,,0,0,20034,0,0,0,7.4,,0,0,0,0,0,0,0,0,0,,4500,4410,,0,0,0,0
1613413419318,6,1010123456026,70,,1,2,35,1,2,,0,0,20034,0,0,0,7.16667,,0,0,0,0,0,0,0,0,0,,4500,4415,,0,0,0,0
1613413419568,6,1010123456026,70,,1,2,35,1,2,,0,0,20034,0,0,0,7.28571,,0,0,0,0,0,0,0,0,0,,4500,4416,,0,0,0,0
1613413419818,6,1010123456026,70,,1,2,35,1,2,,0,0,20034,0,0,0,7.33333,,0,0,0,0,0,0,0,0,0,,4500,4404,,0,0,0,0
1613413420068,6,1010123456026,70,,1,2,35,1,2,,0,0,20034,0,0,0,8,,0,0,0,0,0,0,0,0,0,,4500,4418,,0,0,0,0
1613413420318,6,1010123456026,70,,1,2,35,1,2,,0,0,20034,0,0,0,7.66667,,0,0,0,0,0,0,0,0,0,,4500,4407,,0,0,0,0
1613413420568,6,1010123456026,70,,1,2,35,1,2,,0,0,20034,0,0,0,7.28571,,0,0,0,0,0,0,0,0,0,,4500,4402,,0,0,0,0
1613413420818,6,1010123456026,70,,1,2,35,1,2,,0,0,20034,0,0,0,7.33333,,0,0,0,0,0,0,0,0,0,,4500,4415,,0,0,0,0
1613413421068,6,1010123456026,70,,1,2,35,1,2,,0,0,20034,0,0,0,7.83333,,0,0,0,0,0,0,0,0,0,,4500,4412,,0,0,0,0
1613413421318,6,1010123456026,70,,1,2,35,1,2,,0,0,20034,0,0,0,7.4,,0,0,0,0,0,0,0,0,0,,4500,4419,,0,0,0,0
1613413421568,6,1010123456026,70,,1,2,35,1,2,,0,0,20034,0,0,0,7.42857,,0,0,0,0,0,0,0,0,0,,4500,4416,,0,0,0,0
1613413421818,6,1010123456026,70,,1,2,35,1,2,,0,0,20034,0,0,0,7.66667,,0,0,0,0,0,0,0,0,0,,4500,4418,,0,0,0,0
1613413422068,6,1010123456026,70,,1,2,35,1,2,,0,0,20034,0,0,0,7.66667,,0,0,0,0,0,0,0,0,0,,4500,4416,,0,0,0,0
1613413422318,6,1010123456026,70,,1,2,35,1,2,,0,0,20034,0,0,0,7.33333,,0,0,0,0,0,0,0,0,0,,4500,4423,,0,0,0,0
1613413422568,6,1010123456026,70,,1,2,35,1,2,,0,0,20034,0,0,0,7.71429,,0,0,0,0,0,0,0,0,0,,4500,4428,,0,0,0,0
1613413422818,6,1010123456026,70,,1,2,35,1,2,,0,0,20034,0,0,0,7.83333,,0,0,0,0,0,0,0,0,0,,4500,4428,,0,0,0,0
1613413423068,6,1010123456026,70,,1,2,35,1,2,,0,0,20034,0,0,0,7.33333,,0,0,0,0,0,0,0,0,0,,4500,4410,,0,0,0,0
1613413423318,6,1010123456026,70,,1,2,35,1,2,,0,0,20034,0,0,0,7.5,,0,0,0,0,0,0,0,0,0,,4500,4420,,0,0,0,0
1613413423568,6,1010123456026,70,,1,2,35,1,2,,0,0,20034,0,0,0,7.28571,,0,0,0,0,0,0,0,0,0,,4500,4418,,0,0,0,0
1613413423818,6,1010123456026,70,,1,2,35,1,2,,0,0,20034,0,0,0,7.33333,,0,0,0,0,0,0,0,0,0,,4500,4409,,0,0,0,0
1613413424068,6,1010123456026,70,,1,2,35,1,2,,0,0,20034,0,0,0,7.33333,,0,0,0,0,0,0,0,0,0,,4500,4419,,0,0,0,0
1613413424318,6,1010123456026,70,,1,2,35,1,2,,0,0,20034,0,0,0,7.6,,0,0,0,0,0,0,0,0,0,,4500,4419,,0,0,0,0
1613413424568,6,1010123456026,70,,1,2,35,1,2,,0,0,20034,0,0,0,7.42857,,0,0,0,0,0,0,0,0,0,,4500,4410,,0,0,0,0
1613413424818,6,1010123456026,70,,1,2,35,1,2,,0,0,20034,0,0,0,7.5,,0,0,0,0,0,0,0,0,0,,4500,4426,,0,0,0,0
1613413425068,6,1010123456026,70,,1,2,35,1,2,,0,0,20034,0,0,0,7.6,,0,0,0,0,0,0,0,0,0,,4500,4412,,0,0,0,0
1613413425318,6,1010123456026,70,,1,2,35,1,2,,0,0,20034,0,0,0,7.4,,0,0,0,0,0,0,0,0,0,,4500,4422,,0,0,0,0
1613413425568,6,1010123456026,70,,1,2,35,1,2,,0,0,20034,0,0,0,7.85714,,0,0,0,0,0,0,0,0,0,,4500,4416,,0,0,0,0
1613413425818,6,1010123456026,70,,1,2,35,1,2,,0,0,20034,0,0,0,7.66667,,0,0,0,0,0,0,0,0,0,,4500,4411,,0,0,0,0
1613413426068,6,1010123456026,70,,1,2,35,1,2,,0,0,20034,0,0,0,7.4,,0,0,0,0,0,0,0,0,0,,4500,4405,,0,0,0,0
1613413426318,6,1010123456026,70,,1,2,35,1,2,,0,0,20034,0,0,0,7.5,,0,0,0,0,0,0,0,0,0,,4500,4405,,0,0,0,0
1613413426568,6,1010123456026,70,,1,2,35,1,2,,0,0,20034,0,0,0,7.71429,,0,0,0,0,0,0,0,0,0,,4500,4424,,0,0,0,0
1613413426818,6,1010123456026,70,,1,2,35,1,2,,0,0,20034,0,0,0,7.16667,,0,0,0,0,0,0,0,0,0,,4500,4420,,0,0,0,0
1613413427068,6,1010123456026,70,,1,2,35,1,2,,0,0,20034,0,0,0,7.16667,,0,0,0,0,0,0,0,0,0,,4500,4422,,0,0,0,0
1613413427318,6,1010123456026,70,,1,2,35,1,2,,0,0,20034,0,0,0,7.5,,0,0,0,0,0,0,0,0,0,,4500,4419,,0,0,0,0
1613413427568,6,1010123456026,70,,1,2,35,1,2,,0,0,20034,0,0,0,7.42857,,0,0,0,0,0,0,0,0,0,,4500,4416,,0,0,0,0
1613413427818,6,1010123456026,70,,1,2,35,1,2,,0,0,20034,0,0,0,7.16667,,0,0,0,0,0,0,0,0,0,,4500,4411,,0,0,0,0
1613413428068,6,1010123456026,70,,1,2,35,1,2,,0,0,20034,0,0,0,7.5,,0,0,0,0,0,0,0,0,0,,4500,4424,,0,0,0,0
1613413428318,6,1010123456026,70,,1,2,35,1,2,,0,0,20034,0,0,0,7.5,,0,0,0,0,0,0,0,0,0,,4500,4410,,0,0,0,0
1613413428568,6,1010123456026,70,,1,2,35,1,2,,0,0,20034,0,0,0,7.85714,,0,0,0,0,0,0,0,0,0,,4500,4413,,0,0,0,0
1613413428818,6,1010123456026,70,,1,2,35,1,2,,0,0,20034,0,0,0,7.6,,0,0,0,0,0,0,0,0,0,,4500,4428,,0,0,0,0
1613413429068,6,1010123456026,70,,1,2,35,1,2,,0,0,20034,0,0,0,7.83333,,0,0,0,0,0,0,0,0,0,,4500,4432,,0,0,0,0
1613413429318,6,1010123456026,70,,1,2,35,1,2,,0,0,20034,0,0,0,7.33333,,0,0,0,0,0,0,0,0,0,,4500,4429,,0,0,0,0
1613413429568,6,1010123456026,70,,1,2,35,1,2,,0,0,20034,0,0,0,7.33333,,0,0,0,0,0,0,0,0,0,,4500,4415,,0,0,0,0
1613413429818,6,1010123456026,70,,1,2,35,1,2,,0,0,20034,0,0,0,7.6,,0,0,0,0,0,0,0,0,0,,4500,4419,,0,0,0,0
1613413430068,6,1010123456026,70,,1,2,35,1,2,,0,0,20034,0,0,0,6.4,,0,0,0,0,0,0,0,0,0,,4500,4414,,0,0,0,0
1613413430318,6,1010123456026,70,,1,2,35,1,2,,0,0,20034,0,0,0,7.33333,,0,0,0,0,0,0,0,0,0,,4500,4418,,0,0,0,0
1613413430568,6,1010123456026,70,,1,2,35,1,2,,0,0,20034,0,0,0,7.66667,,0,0,0,0,0,0,0,0,0,,4500,4419,,0,0,0,0
1613413430818,6,1010123456026,70,,1,2,35,1,2,,0,0,20034,0,0,0,7.66667,,0,0,0,0,0,0,0,0,0,,4500,4419,,0,0,0,0
1613413431068,6,1010123456026,70,,1,2,35,1,2,,0,0,20034,0,0,0,7.33333,,0,0,0,0,0,0,0,0,0,,4500,4417,,0,0,0,0
1613413431318,6,1010123456026,70,,1,2,35,1,2,,0,0,20034,0,0,0,7.5,,0,0,0,0,0,0,0,0,0,,4500,4416,,0,0,0,0
1613413431568,6,1010123456026,70,,1,2,35,1,2,,0,0,20034,0,0,0,7.83333,,0,0,0,0,0,0,0,0,0,,4500,4424,,0,0,0,0
1613413431818,6,1010123456026,70,,1,2,35,1,2,,0,0,20034,0,0,0,7.33333,,0,0,0,0,0,0,0,0,0,,4500,4416,,0,0,0,0
1613413432068,6,1010123456026,70,,1,2,35,1,2,,0,0,20034,0,0,0,7.5,,0,0,0,0,0,0,0,0,0,,4500,4418,,0,0,0,0
1613413432318,6,1010123456026,70,,1,2,35,1,2,,0,0,20034,0,0,0,7.66667,,0,0,0,0,0,0,0,0,0,,4500,4410,,0,0,0,0
1613413432568,6,1010123456026,70,,1,2,35,1,2,,0,0,20034,0,0,0,7.71429,,0,0,0,0,0,0,0,0,0,,4500,4426,,0,0,0,0
1613413432818,6,1010123456026,70,,1,2,35,1,2,,0,0,20034,0,0,0,7.5,,0,0,0,0,0,0,0,0,0,,4500,4411,,0,0,0,0
1613413433068,6,1010123456026,70,,1,2,35,1,2,,0,0,20034,0,0,0,7.8,,0,0,0,0,0,0,0,0,0,,4500,4418,,0,0,0,0
1613413433318,6,1010123456026,70,,1,2,35,1,2,,0,0,20034,0,0,0,7.16667,,0,0,0,0,0,0,0,0,0,,4500,4420,,0,0,0,0
1613413433568,6,1010123456026,70,,1,2,35,1,2,,0,0,20034,0,0,0,7.71429,,0,0,0,0,0,0,0,0,0,,4500,4417,,0,0,0,0
1613413433818,6,1010123456026,70,,1,2,35,1,2,,0,0,20034,0,0,0,7.66667,,0,0,0,0,0,0,0,0,0,,4500,4424,,0,0,0,0
1613413434068,6,1010123456026,70,,1,2,35,1,2,,0,0,20034,0,0,0,7.83333,,0,0,0,0,0,0,0,0,0,,4500,4407,,0,0,0,0
1613413434318,6,1010123456026,70,,1,2,35,1,2,,0,0,20034,0,0,0,7.2,,0,0,0,0,0,0,0,0,0,,4500,4419,,0,0,0,0
1613413434568,6,1010123456026,70,,1,2,35,1,2,,0,0,20034,0,0,0,7.28571,,0,0,0,0,0,0,0,0,0,,4500,4415,,0,0,0,0
1613413434818,6,1010123456026,70,,1,2,35,1,2,,0,0,20034,0,0,0,7.66667,,0,0,0,0,0,0,0,0,0,,4500,4406,,0,0,0,0
1613413435068,6,1010123456026,70,,1,2,35,1,2,,0,0,20034,0,0,0,7,,0,0,0,0,0,0,0,0,0,,4500,4417,,0,0,0,0
1613413435318,6,1010123456026,70,,1,2,35,1,2,,0,0,20034,0,0,0,7.66667,,0,0,0,0,0,0,0,0,0,,4500,4416,,0,0,0,0
1613413435568,6,1010123456026,70,,1,2,35,1,2,,0,0,20034,0,0,0,7.42857,,0,0,0,0,0,0,0,0,0,,4500,4429,,0,0,0,0
1613413435818,6,1010123456026,70,,1,2,35,1,2,,0,0,20034,0,0,0,7.4,,0,0,0,0,0,0,0,0,0,,4500,4407,,0,0,0,0
1613413436068,6,1010123456026,70,,1,2,35,1,2,,0,0,20034,0,0,0,7.33333,,0,0,0,0,0,0,0,0,0,,4500,4414,,0,0,0,0
1613413436318,6,1010123456026,70,,1,2,35,1,2,,0,0,20034,0,0,0,7,,0,0,0,0,0,0,0,0,0,,4500,4427,,0,0,0,0
1613413436568,6,1010123456026,70,,1,2,35,1,2,,0,0,20034,0,0,0,7.57143,,0,0,0,0,0,0,0,0,0,,4500,4423,,0,0,0,0
1613413436818,6,1010123456026,70,,1,2,35,1,2,,0,0,20034,0,0,0,7.66667,,0,0,0,0,0,0,0,0,0,,4500,4406,,0,0,0,0
1613413437068,6,1010123456026,70,,1,2,35,1,2,,0,0,20034,0,0,0,7.66667,,0,0,0,0,0,0,0,0,0,,4500,4422,,0,0,0,0
1613413437318,6,1010123456026,70,,1,2,35,1,2,,0,0,20034,0,0,0,7.16667,,0,0,0,0,0,0,0,0,0,,4500,4408,,0,0,0,0
1613413437568,6,1010123456026,70,,1,2,35,1,2,,0,0,20034,0,0,0,7.28571,,0,0,0,0,0,0,0,0,0,,4500,4412,,0,0,0,0
1613413437818,6,1010123456026,70,,1,2,35,1,2,,0,0,20034,0,0,0,7.4,,0,0,0,0,0,0,0,0,0,,4500,4414,,0,0,0,0
1613413438068,6,1010123456026,70,,1,2,35,1,2,,0,0,20034,0,0,0,7.66667,,0,0,0,0,0,0,0,0,0,,4500,4416,,0,0,0,0
1613413438318,6,1010123456026,70,,1,2,35,1,2,,0,0,20034,0,0,0,7.33333,,0,0,0,0,0,0,0,0,0,,4500,4410,,0,0,0,0
1613413438568,6,1010123456026,70,,1,2,35,1,2,,0,0,20034,0,0,0,7.16667,,0,0,0,0,0,0,0,0,0,,4500,4425,,0,0,0,0
1613413438818,6,1010123456026,70,,1,2,35,1,2,,0,0,20034,0,0,0,7.5,,0,0,0,0,0,0,0,0,0,,4500,4410,,0,0,0,0
1613413439068,6,1010123456026,70,,1,2,35,1,2,,0,0,20034,0,0,0,7.5,,0,0,0,0,0,0,0,0,0,,4500,4423,,0,0,0,0
1613413439318,6,1010123456026,70,,1,2,35,1,2,,0,0,20034,0,0,0,7.66667,,0,0,0,0,0,0,0,0,0,,4500,4416,,0,0,0,0
1613413439568,6,1010123456026,70,,1,2,35,1,2,,0,0,20034,0,0,0,7.42857,,0,0,0,0,0,0,0,0,0,,4500,4417,,0,0,0,0
1613413439818,6,1010123456026,70,,1,2,35,1,2,,0,0,20034,0,0,0,7.83333,,0,0,0,0,0,0,0,0,0,,4500,4416,,0,0,0,0
1613413440068,6,1010123456026,70,,1,2,35,1,2,,0,0,20034,0,0,0,7.66667,,0,0,0,0,0,0,0,0,0,,4500,4429,,0,0,0,0
1613413440318,6,1010123456026,70,,1,2,35,1,2,,0,0,20034,0,0,0,7.33333,,0,0,0,0,0,0,0,0,0,,4500,4424,,0,0,0,0
1613413440568,6,1010123456026,70,,1,2,35,1,2,,0,0,20034,0,0,0,7.42857,,0,0,0,0,0,0,0,0,0,,4500,4418,,0,0,0,0
1613413440818,6,1010123456026,70,,1,2,35,1,2,,0,0,20034,0,0,0,7.33333,,0,0,0,0,0,0,0,0,0,,4500,4421,,0,0,0,0
1613413441068,6,1010123456026,70,,1,2,35,1,2,,0,0,20034,0,0,0,7.16667,,0,0,0,0,0,0,0,0,0,,4500,4422,,0,0,0,0
1613413441318,6,1010123456026,70,,1,2,35,1,2,,0,0,20034,0,0,0,7.5,,0,0,0,0,0,0,0,0,0,,4500,4408,,0,0,0,0
1613413441568,6,1010123456026,70,,1,2,35,1,2,,0,0,20034,0,0,0,7.28571,,0,0,0,0,0,0,0,0,0,,4500,4416,,0,0,0,0
1613413441818,6,1010123456026,70,,1,2,35,1,2,,0,0,20034,0,0,0,7.33333,,0,0,0,0,0,0,0,0,0,,4500,4408,,0,0,0,0
1613413442068,6,1010123456026,70,,1,2,35,1,2,,0,0,20034,0,0,0,7.33333,,0,0,0,0,0,0,0,0,0,,4500,4400,,0,0,0,0
1613413442318,6,1010123456026,70,,1,2,35,1,2,,0,0,20034,0,0,0,7.66667,,0,0,0,0,0,0,0,0,0,,4500,4407,,0,0,0,0
1613413442568,6,1010123456026,70,,1,2,35,1,2,,0,0,20034,0,0,0,7.33333,,0,0,0,0,0,0,0,0,0,,4500,4420,,0,0,0,0
1613413442818,6,1010123456026,70,,1,2,35,1,2,,0,0,20034,0,0,0,7.33333,,0,0,0,0,0,0,0,0,0,,4500,4425,,0,0,0,0
1613413443068,6,1010123456026,70,,1,2,35,1,2,,0,0,20034,0,0,0,7.5,,0,0,0,0,0,0,0,0,0,,4500,4423,,0,0,0,0
1613413443318,6,1010123456026,70,,1,2,35,1,2,,0,0,20034,0,0,0,7.66667,,0,0,0,0,0,0,0,0,0,,4500,4423,,0,0,0,0
1613413443568,6,1010123456026,70,,1,2,35,1,2,,0,0,20034,0,0,0,7.16667,,0,0,0,0,0,0,0,0,0,,4500,4412,,0,0,0,0
1613413443818,6,1010123456026,70,,1,2,35,1,2,,0,0,20034,0,0,0,7.6,,0,0,0,0,0,0,0,0,0,,4500,4408,,0,0,0,0
1613413444068,6,1010123456026,70,,1,2,35,1,2,,0,0,20034,0,0,0,7.33333,,0,0,0,0,0,0,0,0,0,,4500,4409,,0,0,0,0
1613413444318,6,1010123456026,70,,1,2,35,1,2,,0,0,20034,0,0,0,7.16667,,0,0,0,0,0,0,0,0,0,,4500,4416,,0,0,0,0
1613413444568,6,1010123456026,70,,1,2,35,1,2,,0,0,20034,0,0,0,7.71429,,0,0,0,0,0,0,0,0,0,,4500,4421,,0,0,0,0
1613413444818,6,1010123456026,70,,1,2,35,1,2,,0,0,20034,0,0,0,7.33333,,0,0,0,0,0,0,0,0,0,,4500,4425,,0,0,0,0
1613413445068,6,1010123456026,70,,1,2,35,1,2,,0,0,20034,0,0,0,7.6,,0,0,0,0,0,0,0,0,0,,4500,4425,,0,0,0,0
1613413445318,6,1010123456026,70,,1,2,35,1,2,,0,0,20034,0,0,0,7.2,,0,0,0,0,0,0,0,0,0,,4500,4423,,0,0,0,0
1613413445568,6,1010123456026,70,,1,2,35,1,2,,0,0,20034,0,0,0,7.71429,,0,0,0,0,0,0,0,0,0,,4500,4418,,0,0,0,0
1613413445818,6,1010123456026,70,,1,2,35,1,2,,0,0,20034,0,0,0,7.83333,,0,0,0,0,0,0,0,0,0,,4500,4420,,0,0,0,0
1613413446068,6,1010123456026,70,,1,2,35,1,2,,0,0,20034,0,0,0,7.16667,,0,0,0,0,0,0,0,0,0,,4500,4416,,0,0,0,0
1613413446318,6,1010123456026,70,,1,2,35,1,2,,0,0,20034,0,0,0,7.33333,,0,0,0,0,0,0,0,0,0,,4500,4402,,0,0,0,0
1613413446568,6,1010123456026,70,,1,2,35,1,2,,0,0,20034,0,0,0,7.28571,,0,0,0,0,0,0,0,0,0,,4500,4426,,0,0,0,0
1613413446818,6,1010123456026,70,,1,2,35,1,2,,0,0,20034,0,0,0,7.5,,0,0,0,0,0,0,0,0,0,,4500,4420,,0,0,0,0
1613413447068,6,1010123456026,70,,1,2,35,1,2,,0,0,20034,0,0,0,7.4,,0,0,0,0,0,0,0,0,0,,4500,4418,,0,0,0,0
1613413447318,6,1010123456026,70,,1,2,35,1,2,,0,0,20034,0,0,0,7.5,,0,0,0,0,0,0,0,0,0,,4500,4425,,0,0,0,0
1613413447568,6,1010123456026,70,,1,2,35,1,2,,0,0,20034,0,0,0,7.42857,,0,0,0,0,0,0,0,0,0,,4500,4412,,0,0,0,0
1613413447818,6,1010123456026,70,,1,2,35,1,2,,0,0,20034,0,0,0,7.16667,,0,0,0,0,0,0,0,0,0,,4500,4413,,0,0,0,0
1613413448068,6,1010123456026,70,,1,2,35,1,2,,0,0,20034,0,0,0,7.5,,0,0,0,0,0,0,0,0,0,,4500,4433,,0,0,0,0
1613413448318,6,1010123456026,70,,1,2,35,1,2,,0,0,20034,0,0,0,7.33333,,0,0,0,0,0,0,0,0,0,,4500,4422,,0,0,0,0
1613413448568,6,1010123456026,70,,1,2,35,1,2,,0,0,20034,0,0,0,7.28571,,0,0,0,0,0,0,0,0,0,,4500,4419,,0,0,0,0
1613413448818,6,1010123456026,70,,1,2,35,1,2,,0,0,20034,0,0,0,7.5,,0,0,0,0,0,0,0,0,0,,4500,4425,,0,0,0,0
1613413449068,6,1010123456026,70,,1,2,35,1,2,,0,0,20034,0,0,0,7.5,,0,0,0,0,0,0,0,0,0,,4500,4412,,0,0,0,0
1613413449318,6,1010123456026,70,,1,2,35,1,2,,0,0,20034,0,0,0,7.83333,,0,0,0,0,0,0,0,0,0,,4500,4418,,0,0,0,0
1613413449568,6,1010123456026,70,,1,2,35,1,2,,0,0,20034,0,0,0,7.71429,,0,0,0,0,0,0,0,0,0,,4500,4410,,0,0,0,0
1613413449818,6,1010123456026,70,,1,2,35,1,2,,0,0,20034,0,0,0,7.5,,0,0,0,0,0,0,0,0,0,,4500,4402,,0,0,0,0
1613413450068,6,1010123456026,70,,1,2,35,1,2,,0,0,20034,0,0,0,7.2,,0,0,0,0,0,0,0,0,0,,4500,4426,,0,0,0,0
1613413450318,6,1010123456026,70,,1,2,35,1,2,,0,0,20034,0,0,0,7.83333,,0,0,0,0,0,0,0,0,0,,4500,4421,,0,0,0,0
1613413450568,6,1010123456026,70,,1,2,35,1,2,,0,0,20034,0,0,0,7.28571,,0,0,0,0,0,0,0,0,0,,4500,4425,,0,0,0,0
1613413450818,6,1010123456026,70,,1,2,35,1,2,,0,0,20034,0,0,0,7.66667,,0,0,0,0,0,0,0,0,0,,4500,4414,,0,0,0,0
1613413451068,6,1010123456026,70,,1,2,35,1,2,,0,0,20034,0,0,0,7.8,,0,0,0,0,0,0,0,0,0,,4500,4413,,0,0,0,0
1613413451318,6,1010123456026,70,,1,2,35,1,2,,0,0,20034,0,0,0,7.5,,0,0,0,0,0,0,0,0,0,,4500,4415,,0,0,0,0
1613413451568,6,1010123456026,70,,1,2,35,1,2,,0,0,20034,0,0,0,7,,0,0,0,0,0,0,0,0,0,,4500,4417,,0,0,0,0
1613413451818,6,1010123456026,70,,1,2,35,1,2,,0,0,20034,0,0,0,7.33333,,0,0,0,0,0,0,0,0,0,,4500,4412,,0,0,0,0
1613413452068,6,1010123456026,70,,1,2,35,1,2,,0,0,20034,0,0,0,7.6,,0,0,0,0,0,0,0,0,0,,4500,4425,,0,0,0,0
1613413452318,6,1010123456026,70,,1,2,35,1,2,,0,0,20034,0,0,0,7,,0,0,0,0,0,0,0,0,0,,4500,4409,,0,0,0,0
1613413452568,6,1010123456026,70,,1,2,35,1,2,,0,0,20034,0,0,0,7.28571,,0,0,0,0,0,0,0,0,0,,4500,4423,,0,0,0,0
1613413452818,6,1010123456026,70,,1,2,35,1,2,,0,0,20034,0,0,0,7.16667,,0,0,0,0,0,0,0,0,0,,4500,4410,,0,0,0,0
1613413453068,6,1010123456026,70,,1,2,35,1,2,,0,0,20034,0,0,0,7.83333,,0,0,0,0,0,0,0,0,0,,4500,4417,,0,0,0,0
1613413453318,6,1010123456026,70,,1,2,35,1,2,,0,0,20034,0,0,0,7.6,,0,0,0,0,0,0,0,0,0,,4500,4412,,0,0,0,0
1613413453568,6,1010123456026,70,,1,2,35,1,2,,0,0,20034,0,0,0,7.42857,,0,0,0,0,0,0,0,0,0,,4500,4416,,0,0,0,0
1613413453818,6,1010123456026,70,,1,2,35,1,2,,0,0,20034,0,0,0,7.8,,0,0,0,0,0,0,0,0,0,,4500,4408,,0,0,0,0
1613413454068,6,1010123456026,70,,1,2,35,1,2,,0,0,20034,0,0,0,7.5,,0,0,0,0,0,0,0,0,0,,4500,4415,,0,0,0,0
1613413454318,6,1010123456026,70,,1,2,35,1,2,,0,0,20034,0,0,0,7.16667,,0,0,0,0,0,0,0,0,0,,4500,4419,,0,0,0,0
1613413454568,6,1010123456026,70,,1,2,35,1,2,,0,0,20034,0,0,0,7.57143,,0,0,0,0,0,0,0,0,0,,4500,4415,,0,0,0,0
1613413454818,6,1010123456026,70,,1,2,35,1,2,,0,0,20034,0,0,0,7.5,,0,0,0,0,0,0,0,0,0,,4500,4414,,0,0,0,0
1613413455068,6,1010123456026,70,,1,2,35,1,2,,0,0,20034,0,0,0,7.5,,0,0,0,0,0,0,0,0,0,,4500,4416,,0,0,0,0
1613413455318,6,1010123456026,70,,1,2,35,1,2,,0,0,20034,0,0,0,7.5,,0,0,0,0,0,0,0,0,0,,4500,4417,,0,0,0,0
1613413455568,6,1010123456026,70,,1,2,35,1,2,,0,0,20034,0,0,0,7.57143,,0,0,0,0,0,0,0,0,0,,4500,4413,,0,0,0,0
1613413455818,6,1010123456026,70,,1,2,35,1,2,,0,0,20034,0,0,0,7.83333,,0,0,0,0,0,0,0,0,0,,4500,4422,,0,0,0,0
1613413456068,6,1010123456026,70,,1,2,35,1,2,,0,0,20034,0,0,0,6.83333,,0,0,0,0,0,0,0,0,0,,4500,4417,,0,0,0,0
1613413456318,6,1010123456026,70,,1,2,35,1,2,,0,0,20034,0,0,0,7.33333,,0,0,0,0,0,0,0,0,0,,4500,4411,,0,0,0,0
1613413456568,6,1010123456026,70,,1,2,35,1,2,,0,0,20034,0,0,0,7.57143,,0,0,0,0,0,0,0,0,0,,4500,4408,,0,0,0,0
1613413456818,6,1010123456026,70,,1,2,35,1,2,,0,0,20034,0,0,0,7.4,,0,0,0,0,0,0,0,0,0,,4500,4414,,0,0,0,0
1613413457068,6,1010123456026,70,,1,2,35,1,2,,0,0,20034,0,0,0,7.2,,0,0,0,0,0,0,0,0,0,,4500,4414,,0,0,0,0
1613413457318,6,1010123456026,70,,1,2,35,1,2,,0,0,20034,0,0,0,7.16667,,0,0,0,0,0,0,0,0,0,,4500,4424,,0,0,0,0
1613413457568,6,1010123456026,70,,1,2,35,1,2,,0,0,20034,0,0,0,7.28571,,0,0,0,0,0,0,0,0,0,,4500,4414,,0,0,0,0
1613413457818,6,1010123456026,70,,1,2,35,1,2,,0,0,20034,0,0,0,6.16667,,0,0,0,0,0,0,0,0,0,,4500,4420,,0,0,0,0
1613413458068,6,1010123456026,70,,1,2,35,1,2,,0,0,20034,0,0,0,7.33333,,0,0,0,0,0,0,0,0,0,,4500,4407,,0,0,0,0
1613413458318,6,1010123456026,70,,1,2,35,1,2,,0,0,20034,0,0,0,7.83333,,0,0,0,0,0,0,0,0,0,,4500,4412,,0,0,0,0
1613413458568,6,1010123456026,70,,1,2,35,1,2,,0,0,20034,0,0,0,6.42857,,0,0,0,0,0,0,0,0,0,,4500,4416,,0,0,0,0
1613413458818,6,1010123456026,70,,1,2,35,1,2,,0,0,20034,0,0,0,7.6,,0,0,0,0,0,0,0,0,0,,4500,4414,,0,0,0,0
1613413459068,6,1010123456026,70,,1,2,35,1,2,,0,0,20034,0,0,0,7,,0,0,0,0,0,0,0,0,0,,4500,4412,,0,0,0,0
1613413459318,6,1010123456026,70,,1,2,35,1,2,,0,0,20034,0,0,0,8,,0,0,0,0,0,0,0,0,0,,4500,4420,,0,0,0,0
1613413459568,6,1010123456026,70,,1,2,35,1,2,,0,0,20034,0,0,0,7.57143,,0,0,0,0,0,0,0,0,0,,4500,4417,,0,0,0,0
1613413459818,6,1010123456026,70,,1,2,35,1,2,,0,0,20034,0,0,0,7.5,,0,0,0,0,0,0,0,0,0,,4500,4420,,0,0,0,0
1613413460068,6,1010123456026,70,,1,2,35,1,2,,0,0,20034,0,0,0,7.2,,0,0,0,0,0,0,0,0,0,,4500,4423,,0,0,0,0
1613413460318,6,1010123456026,70,,1,2,35,1,2,,0,0,20034,0,0,0,7.33333,,0,0,0,0,0,0,0,0,0,,4500,4409,,0,0,0,0
1613413460568,6,1010123456026,70,,1,2,35,1,2,,0,0,20034,0,0,0,7.71429,,0,0,0,0,0,0,0,0,0,,4500,4433,,0,0,0,0
1613413460818,6,1010123456026,70,,1,2,35,1,2,,0,0,20034,0,0,0,7.5,,0,0,0,0,0,0,0,0,0,,4500,4411,,0,0,0,0
1613413461068,5,1010123456026,70,,1,2,35,1,2,,0,0,20034,0,0,0,7.33333,,0,0,0,0,0,0,0,0,0,,4500,4398,,0,0,0,0
