time,cc,pci,earfcn,rsrp,pl,cfo,dl_mcs,dl_snr,dl_turbo,dl_brate,dl_bler,ul_ta,ul_mcs,ul_buff,ul_brate,ul_bler,rf_o,rf_u,rf_l,is_attached
0,0,0,4294967295,0.0,0.0,0.0,0.0,0.0,0.0,0.0,0.0,0.0,0.0,0.0,0.0,0.0,0.0,0.0,0.0,0.0
249,0,0,3400,0.0,0.0,0.0,0.0,0.0,0.0,0.0,0.0,0.0,0.0,0.0,0.0,0.0,0.0,0.0,0.0,0.0
499,0,0,3400,0.0,0.0,0.0,0.0,0.0,0.0,0.0,0.0,0.0,0.0,0.0,0.0,0.0,0.0,0.0,0.0,0.0
748,0,0,3400,0.0,0.0,0.0,0.0,0.0,0.0,0.0,0.0,0.0,0.0,0.0,0.0,0.0,0.0,0.0,0.0,0.0
997,0,0,3400,0.0,0.0,0.0,0.0,0.0,0.0,0.0,0.0,0.0,0.0,0.0,0.0,0.0,0.0,0.0,0.0,0.0
1246,0,0,3400,0.0,0.0,0.0,0.0,0.0,0.0,0.0,0.0,0.0,0.0,0.0,0.0,0.0,0.0,0.0,0.0,0.0
1495,0,0,3400,0.0,0.0,0.0,0.0,0.0,0.0,0.0,0.0,0.0,0.0,0.0,0.0,0.0,0.0,0.0,0.0,0.0
1744,0,0,3400,0.0,0.0,0.0,0.0,0.0,0.0,0.0,0.0,0.0,0.0,0.0,0.0,0.0,0.0,0.0,0.0,0.0
1993,0,0,3400,0.0,0.0,0.0,0.0,0.0,0.0,0.0,0.0,0.0,0.0,0.0,0.0,0.0,0.0,0.0,0.0,0.0
2242,0,0,3400,0.0,0.0,0.0,0.0,0.0,0.0,0.0,0.0,0.0,0.0,0.0,0.0,0.0,0.0,0.0,0.0,0.0
2491,0,0,3400,0.0,0.0,0.0,0.0,0.0,0.0,0.0,0.0,0.0,0.0,0.0,0.0,0.0,0.0,0.0,0.0,0.0
2740,0,0,3400,0.0,0.0,0.0,0.0,0.0,0.0,0.0,0.0,0.0,0.0,0.0,0.0,0.0,0.0,0.0,0.0,0.0
2989,0,0,3400,0.0,0.0,0.0,0.0,0.0,0.0,0.0,0.0,0.0,0.0,0.0,0.0,0.0,0.0,0.0,0.0,0.0
3238,0,0,3400,0.0,0.0,0.0,0.0,0.0,0.0,0.0,0.0,0.0,0.0,0.0,0.0,0.0,0.0,0.0,0.0,0.0
3487,0,0,3400,0.0,0.0,0.0,0.0,0.0,0.0,0.0,0.0,0.0,0.0,0.0,0.0,0.0,0.0,0.0,0.0,0.0
3736,0,0,3400,0.0,0.0,0.0,0.0,0.0,0.0,0.0,0.0,0.0,0.0,0.0,0.0,0.0,0.0,0.0,0.0,0.0
3985,0,0,3400,0.0,0.0,0.0,0.0,0.0,0.0,0.0,0.0,0.0,0.0,0.0,0.0,0.0,0.0,0.0,0.0,0.0
4234,0,0,3400,0.0,0.0,0.0,0.0,0.0,0.0,0.0,0.0,0.0,0.0,0.0,0.0,0.0,0.0,0.0,0.0,0.0
4483,0,0,3400,0.0,0.0,0.0,0.0,0.0,0.0,0.0,0.0,0.0,0.0,0.0,0.0,0.0,0.0,0.0,0.0,0.0
4732,0,0,3400,0.0,0.0,0.0,0.0,0.0,0.0,0.0,0.0,0.0,0.0,0.0,0.0,0.0,0.0,0.0,0.0,0.0
4981,0,0,3400,0.0,0.0,0.0,0.0,0.0,0.0,0.0,0.0,0.0,0.0,0.0,0.0,0.0,0.0,0.0,0.0,0.0
5230,0,0,3400,0.0,0.0,0.0,0.0,0.0,0.0,0.0,0.0,0.0,0.0,0.0,0.0,0.0,0.0,0.0,0.0,0.0
5479,0,0,3400,0.0,0.0,0.0,0.0,0.0,0.0,0.0,0.0,0.0,0.0,0.0,0.0,0.0,0.0,0.0,0.0,0.0
5728,0,0,3400,0.0,0.0,0.0,0.0,0.0,0.0,0.0,0.0,0.0,0.0,0.0,0.0,0.0,0.0,0.0,0.0,0.0
5977,0,0,3400,0.0,0.0,0.0,0.0,0.0,0.0,0.0,0.0,0.0,0.0,0.0,0.0,0.0,0.0,0.0,0.0,0.0
6226,0,0,3400,0.0,0.0,0.0,0.0,0.0,0.0,0.0,0.0,0.0,0.0,0.0,0.0,0.0,0.0,0.0,0.0,0.0
6475,0,0,3400,0.0,0.0,0.0,0.0,0.0,0.0,0.0,0.0,0.0,0.0,0.0,0.0,0.0,0.0,0.0,0.0,0.0
6724,0,0,3400,0.0,0.0,0.0,0.0,0.0,0.0,0.0,0.0,0.0,0.0,0.0,0.0,0.0,0.0,0.0,0.0,0.0
6973,0,0,3400,0.0,0.0,0.0,0.0,0.0,0.0,0.0,0.0,0.0,0.0,0.0,0.0,0.0,0.0,0.0,0.0,0.0
7222,0,0,3400,0.0,0.0,0.0,0.0,0.0,0.0,0.0,0.0,0.0,0.0,0.0,0.0,0.0,0.0,0.0,0.0,0.0
7471,0,0,3400,0.0,0.0,0.0,0.0,0.0,0.0,0.0,0.0,0.0,0.0,0.0,0.0,0.0,0.0,0.0,0.0,0.0
7720,0,0,3400,0.0,0.0,0.0,0.0,0.0,0.0,0.0,0.0,0.0,0.0,0.0,0.0,0.0,0.0,0.0,0.0,0.0
7969,0,0,3400,0.0,0.0,0.0,0.0,0.0,0.0,0.0,0.0,0.0,0.0,0.0,0.0,0.0,0.0,0.0,0.0,0.0
8218,0,0,3400,0.0,0.0,0.0,0.0,0.0,0.0,0.0,0.0,0.0,0.0,0.0,0.0,0.0,0.0,0.0,0.0,0.0
8467,0,0,3400,0.0,0.0,0.0,0.0,0.0,0.0,0.0,0.0,0.0,0.0,0.0,0.0,0.0,0.0,0.0,0.0,0.0
8716,0,0,3400,0.0,0.0,0.0,0.0,0.0,0.0,0.0,0.0,0.0,0.0,0.0,0.0,0.0,0.0,0.0,0.0,0.0
8965,0,0,3400,0.0,0.0,0.0,0.0,0.0,0.0,0.0,0.0,0.0,0.0,0.0,0.0,0.0,0.0,0.0,0.0,0.0
9214,0,0,3400,0.0,0.0,0.0,0.0,0.0,0.0,0.0,0.0,0.0,0.0,0.0,0.0,0.0,0.0,0.0,0.0,0.0
9463,0,0,3400,0.0,0.0,0.0,0.0,0.0,0.0,0.0,0.0,0.0,0.0,0.0,0.0,0.0,0.0,0.0,0.0,0.0
9712,0,0,3400,0.0,0.0,0.0,0.0,0.0,0.0,0.0,0.0,0.0,0.0,0.0,0.0,0.0,0.0,0.0,0.0,0.0
9961,0,0,3400,0.0,0.0,0.0,0.0,0.0,0.0,0.0,0.0,0.0,0.0,0.0,0.0,0.0,0.0,0.0,0.0,0.0
10210,0,0,3400,0.0,0.0,0.0,0.0,0.0,0.0,0.0,0.0,0.0,0.0,0.0,0.0,0.0,0.0,0.0,0.0,0.0
10459,0,0,3400,0.0,0.0,0.0,0.0,0.0,0.0,0.0,0.0,0.0,0.0,0.0,0.0,0.0,0.0,0.0,0.0,0.0
10708,0,0,3400,0.0,0.0,0.0,0.0,0.0,0.0,0.0,0.0,0.0,0.0,0.0,0.0,0.0,0.0,0.0,0.0,0.0
10957,0,0,3400,0.0,0.0,0.0,0.0,0.0,0.0,0.0,0.0,0.0,0.0,0.0,0.0,0.0,0.0,0.0,0.0,0.0
11206,0,0,3400,0.0,0.0,0.0,0.0,0.0,0.0,0.0,0.0,0.0,0.0,0.0,0.0,0.0,0.0,0.0,0.0,0.0
11455,0,0,3400,0.0,0.0,0.0,0.0,0.0,0.0,0.0,0.0,0.0,0.0,0.0,0.0,0.0,0.0,0.0,0.0,0.0
11704,0,0,3400,0.0,0.0,0.0,0.0,0.0,0.0,0.0,0.0,0.0,0.0,0.0,0.0,0.0,0.0,0.0,0.0,0.0
11953,0,0,3400,0.0,0.0,0.0,0.0,0.0,0.0,0.0,0.0,0.0,0.0,0.0,0.0,0.0,0.0,0.0,0.0,0.0
12202,0,0,3400,0.0,0.0,0.0,0.0,0.0,0.0,0.0,0.0,0.0,0.0,0.0,0.0,0.0,0.0,0.0,0.0,0.0
12451,0,0,3400,0.0,0.0,0.0,0.0,0.0,0.0,0.0,0.0,0.0,0.0,0.0,0.0,0.0,0.0,0.0,0.0,0.0
12700,0,0,3400,0.0,0.0,0.0,0.0,0.0,0.0,0.0,0.0,0.0,0.0,0.0,0.0,0.0,0.0,0.0,0.0,0.0
12949,0,0,3400,0.0,0.0,0.0,0.0,0.0,0.0,0.0,0.0,0.0,0.0,0.0,0.0,0.0,0.0,0.0,0.0,0.0
13198,0,0,3400,0.0,0.0,0.0,0.0,0.0,0.0,0.0,0.0,0.0,0.0,0.0,0.0,0.0,0.0,0.0,0.0,0.0
13447,0,0,3400,0.0,0.0,0.0,0.0,0.0,0.0,0.0,0.0,0.0,0.0,0.0,0.0,0.0,0.0,0.0,0.0,0.0
13696,0,0,3400,0.0,0.0,0.0,0.0,0.0,0.0,0.0,0.0,0.0,0.0,0.0,0.0,0.0,0.0,0.0,0.0,0.0
13945,0,0,3400,0.0,0.0,0.0,0.0,0.0,0.0,0.0,0.0,0.0,0.0,0.0,0.0,0.0,0.0,0.0,0.0,0.0
14194,0,0,3400,0.0,0.0,0.0,0.0,0.0,0.0,0.0,0.0,0.0,0.0,0.0,0.0,0.0,0.0,0.0,0.0,0.0
14443,0,0,3400,0.0,0.0,0.0,0.0,0.0,0.0,0.0,0.0,0.0,0.0,0.0,0.0,0.0,0.0,0.0,0.0,0.0
14692,0,0,3400,0.0,0.0,0.0,0.0,0.0,0.0,0.0,0.0,0.0,0.0,0.0,0.0,0.0,0.0,0.0,0.0,0.0
14941,0,0,3400,0.0,0.0,0.0,0.0,0.0,0.0,0.0,0.0,0.0,0.0,0.0,0.0,0.0,0.0,0.0,0.0,0.0
15190,0,0,3400,0.0,0.0,0.0,0.0,0.0,0.0,0.0,0.0,0.0,0.0,0.0,0.0,0.0,0.0,0.0,0.0,0.0
15439,0,0,3400,0.0,0.0,0.0,0.0,0.0,0.0,0.0,0.0,0.0,0.0,0.0,0.0,0.0,0.0,0.0,0.0,0.0
15688,0,0,3400,0.0,0.0,0.0,0.0,0.0,0.0,0.0,0.0,0.0,0.0,0.0,0.0,0.0,0.0,0.0,0.0,0.0
15937,0,0,3400,0.0,0.0,0.0,0.0,0.0,0.0,0.0,0.0,0.0,0.0,0.0,0.0,0.0,0.0,0.0,0.0,0.0
16186,0,0,3400,0.0,0.0,0.0,0.0,0.0,0.0,0.0,0.0,0.0,0.0,0.0,0.0,0.0,0.0,0.0,0.0,0.0
16435,0,0,3400,0.0,0.0,0.0,0.0,0.0,0.0,0.0,0.0,0.0,0.0,0.0,0.0,0.0,0.0,0.0,0.0,0.0
16684,0,0,3400,0.0,0.0,0.0,0.0,0.0,0.0,0.0,0.0,0.0,0.0,0.0,0.0,0.0,0.0,0.0,0.0,0.0
16933,0,0,3400,0.0,0.0,0.0,0.0,0.0,0.0,0.0,0.0,0.0,0.0,0.0,0.0,0.0,0.0,0.0,0.0,0.0
17182,0,0,3400,0.0,0.0,0.0,0.0,0.0,0.0,0.0,0.0,0.0,0.0,0.0,0.0,0.0,0.0,0.0,0.0,0.0
17431,0,0,3400,0.0,0.0,0.0,0.0,0.0,0.0,0.0,0.0,0.0,0.0,0.0,0.0,0.0,0.0,0.0,0.0,0.0
17680,0,0,3400,0.0,0.0,0.0,0.0,0.0,0.0,0.0,0.0,0.0,0.0,0.0,0.0,0.0,0.0,0.0,0.0,0.0
17929,0,0,3400,0.0,0.0,0.0,0.0,0.0,0.0,0.0,0.0,0.0,0.0,0.0,0.0,0.0,0.0,0.0,0.0,0.0
18178,0,0,3400,0.0,0.0,0.0,0.0,0.0,0.0,0.0,0.0,0.0,0.0,0.0,0.0,0.0,0.0,0.0,0.0,0.0
18427,0,0,3400,0.0,0.0,0.0,0.0,0.0,0.0,0.0,0.0,0.0,0.0,0.0,0.0,0.0,0.0,0.0,0.0,0.0
18676,0,0,3400,0.0,0.0,0.0,0.0,0.0,0.0,0.0,0.0,0.0,0.0,0.0,0.0,0.0,0.0,0.0,0.0,0.0
18925,0,0,3400,0.0,0.0,0.0,0.0,0.0,0.0,0.0,0.0,0.0,0.0,0.0,0.0,0.0,0.0,0.0,0.0,0.0
19174,0,0,3400,0.0,0.0,0.0,0.0,0.0,0.0,0.0,0.0,0.0,0.0,0.0,0.0,0.0,0.0,0.0,0.0,0.0
19423,0,0,3400,0.0,0.0,0.0,0.0,0.0,0.0,0.0,0.0,0.0,0.0,0.0,0.0,0.0,0.0,0.0,0.0,0.0
19672,0,0,3400,0.0,0.0,0.0,0.0,0.0,0.0,0.0,0.0,0.0,0.0,0.0,0.0,0.0,0.0,0.0,0.0,0.0
19921,0,0,3400,0.0,0.0,0.0,0.0,0.0,0.0,0.0,0.0,0.0,0.0,0.0,0.0,0.0,0.0,0.0,0.0,0.0
20170,0,0,3400,0.0,0.0,0.0,0.0,0.0,0.0,0.0,0.0,0.0,0.0,0.0,0.0,0.0,0.0,0.0,0.0,0.0
20419,0,0,3400,0.0,0.0,0.0,0.0,0.0,0.0,0.0,0.0,0.0,0.0,0.0,0.0,0.0,0.0,0.0,0.0,0.0
20668,0,0,3400,0.0,0.0,0.0,0.0,0.0,0.0,0.0,0.0,0.0,0.0,0.0,0.0,0.0,0.0,0.0,0.0,0.0
20917,0,0,3400,0.0,0.0,0.0,0.0,0.0,0.0,0.0,0.0,0.0,0.0,0.0,0.0,0.0,0.0,0.0,0.0,0.0
21166,0,0,3400,0.0,0.0,0.0,0.0,0.0,0.0,0.0,0.0,0.0,0.0,0.0,0.0,0.0,0.0,0.0,0.0,0.0
21415,0,0,3400,0.0,0.0,0.0,0.0,0.0,0.0,0.0,0.0,0.0,0.0,0.0,0.0,0.0,0.0,0.0,0.0,0.0
21664,0,0,3400,0.0,0.0,0.0,0.0,0.0,0.0,0.0,0.0,0.0,0.0,0.0,0.0,0.0,0.0,0.0,0.0,0.0
21913,0,0,3400,0.0,0.0,0.0,0.0,0.0,0.0,0.0,0.0,0.0,0.0,0.0,0.0,0.0,0.0,0.0,0.0,0.0
22162,0,0,3400,0.0,0.0,0.0,0.0,0.0,0.0,0.0,0.0,0.0,0.0,0.0,0.0,0.0,0.0,0.0,0.0,0.0
22411,0,0,3400,0.0,0.0,0.0,0.0,0.0,0.0,0.0,0.0,0.0,0.0,0.0,0.0,0.0,0.0,0.0,0.0,0.0
22660,0,0,3400,0.0,0.0,0.0,0.0,0.0,0.0,0.0,0.0,0.0,0.0,0.0,0.0,0.0,0.0,0.0,0.0,0.0
22909,0,0,3400,0.0,0.0,0.0,0.0,0.0,0.0,0.0,0.0,0.0,0.0,0.0,0.0,0.0,0.0,0.0,0.0,0.0
23158,0,0,3400,0.0,0.0,0.0,0.0,0.0,0.0,0.0,0.0,0.0,0.0,0.0,0.0,0.0,0.0,0.0,0.0,0.0
23407,0,0,3400,0.0,0.0,0.0,0.0,0.0,0.0,0.0,0.0,0.0,0.0,0.0,0.0,0.0,0.0,0.0,0.0,0.0
23656,0,0,3400,0.0,0.0,0.0,0.0,0.0,0.0,0.0,0.0,0.0,0.0,0.0,0.0,0.0,0.0,0.0,0.0,0.0
23905,0,0,3400,0.0,0.0,0.0,0.0,0.0,0.0,0.0,0.0,0.0,0.0,0.0,0.0,0.0,0.0,0.0,0.0,0.0
24154,0,0,3400,0.0,0.0,0.0,0.0,0.0,0.0,0.0,0.0,0.0,0.0,0.0,0.0,0.0,0.0,0.0,0.0,0.0
24403,0,0,3400,0.0,0.0,0.0,0.0,0.0,0.0,0.0,0.0,0.0,0.0,0.0,0.0,0.0,0.0,0.0,0.0,0.0
24652,0,0,3400,0.0,0.0,0.0,0.0,0.0,0.0,0.0,0.0,0.0,0.0,0.0,0.0,0.0,0.0,0.0,0.0,0.0
24901,0,0,3400,0.0,0.0,0.0,0.0,0.0,0.0,0.0,0.0,0.0,0.0,0.0,0.0,0.0,0.0,0.0,0.0,0.0
25150,0,0,3400,0.0,0.0,0.0,0.0,0.0,0.0,0.0,0.0,0.0,0.0,0.0,0.0,0.0,0.0,0.0,0.0,0.0
25399,0,0,3400,0.0,0.0,0.0,0.0,0.0,0.0,0.0,0.0,0.0,0.0,0.0,0.0,0.0,0.0,0.0,0.0,0.0
25648,0,0,3400,0.0,0.0,0.0,0.0,0.0,0.0,0.0,0.0,0.0,0.0,0.0,0.0,0.0,0.0,0.0,0.0,0.0
25897,0,0,3400,0.0,0.0,0.0,0.0,0.0,0.0,0.0,0.0,0.0,0.0,0.0,0.0,0.0,0.0,0.0,0.0,0.0
26146,0,0,3400,0.0,0.0,0.0,0.0,0.0,0.0,0.0,0.0,0.0,0.0,0.0,0.0,0.0,0.0,0.0,0.0,0.0
26395,0,0,3400,0.0,0.0,0.0,0.0,0.0,0.0,0.0,0.0,0.0,0.0,0.0,0.0,0.0,0.0,0.0,0.0,0.0
26644,0,0,3400,0.0,0.0,0.0,0.0,0.0,0.0,0.0,0.0,0.0,0.0,0.0,0.0,0.0,0.0,0.0,0.0,0.0
26893,0,0,3400,0.0,0.0,0.0,0.0,0.0,0.0,0.0,0.0,0.0,0.0,0.0,0.0,0.0,0.0,0.0,0.0,0.0
27142,0,0,3400,0.0,0.0,0.0,0.0,0.0,0.0,0.0,0.0,0.0,0.0,0.0,0.0,0.0,0.0,0.0,0.0,0.0
27391,0,0,3400,0.0,0.0,0.0,0.0,0.0,0.0,0.0,0.0,0.0,0.0,0.0,0.0,0.0,0.0,0.0,0.0,0.0
27640,0,0,3400,0.0,0.0,0.0,0.0,0.0,0.0,0.0,0.0,0.0,0.0,0.0,0.0,0.0,0.0,0.0,0.0,0.0
27889,0,0,3400,0.0,0.0,0.0,0.0,0.0,0.0,0.0,0.0,0.0,0.0,0.0,0.0,0.0,0.0,0.0,0.0,0.0
28138,0,0,3400,0.0,0.0,0.0,0.0,0.0,0.0,0.0,0.0,0.0,0.0,0.0,0.0,0.0,0.0,0.0,0.0,0.0
28387,0,0,3400,0.0,0.0,0.0,0.0,0.0,0.0,0.0,0.0,0.0,0.0,0.0,0.0,0.0,0.0,0.0,0.0,0.0
28636,0,0,3400,0.0,0.0,0.0,0.0,0.0,0.0,0.0,0.0,0.0,0.0,0.0,0.0,0.0,0.0,0.0,0.0,0.0
28885,0,0,3400,0.0,0.0,0.0,0.0,0.0,0.0,0.0,0.0,0.0,0.0,0.0,0.0,0.0,0.0,0.0,0.0,0.0
29134,0,0,3400,0.0,0.0,0.0,0.0,0.0,0.0,0.0,0.0,0.0,0.0,0.0,0.0,0.0,0.0,0.0,0.0,0.0
29383,0,0,3400,0.0,0.0,0.0,0.0,0.0,0.0,0.0,0.0,0.0,0.0,0.0,0.0,0.0,0.0,0.0,0.0,0.0
29632,0,0,3400,0.0,0.0,0.0,0.0,0.0,0.0,0.0,0.0,0.0,0.0,0.0,0.0,0.0,0.0,0.0,0.0,0.0
29881,0,0,3400,0.0,0.0,0.0,0.0,0.0,0.0,0.0,0.0,0.0,0.0,0.0,0.0,0.0,0.0,0.0,0.0,0.0
30130,0,0,3400,0.0,0.0,0.0,0.0,0.0,0.0,0.0,0.0,0.0,0.0,0.0,0.0,0.0,0.0,0.0,0.0,0.0
30379,0,0,3400,0.0,0.0,0.0,0.0,0.0,0.0,0.0,0.0,0.0,0.0,0.0,0.0,0.0,0.0,0.0,0.0,0.0
30628,0,0,3400,0.0,0.0,0.0,0.0,0.0,0.0,0.0,0.0,0.0,0.0,0.0,0.0,0.0,0.0,0.0,0.0,0.0
30877,0,0,3400,0.0,0.0,0.0,0.0,0.0,0.0,0.0,0.0,0.0,0.0,0.0,0.0,0.0,0.0,0.0,0.0,0.0
31126,0,0,3400,0.0,0.0,0.0,0.0,0.0,0.0,0.0,0.0,0.0,0.0,0.0,0.0,0.0,0.0,0.0,0.0,0.0
31375,0,0,3400,0.0,0.0,0.0,0.0,0.0,0.0,0.0,0.0,0.0,0.0,0.0,0.0,0.0,0.0,0.0,0.0,0.0
31624,0,0,3400,0.0,0.0,0.0,0.0,0.0,0.0,0.0,0.0,0.0,0.0,0.0,0.0,0.0,0.0,0.0,0.0,0.0
31873,0,0,3400,0.0,0.0,0.0,0.0,0.0,0.0,0.0,0.0,0.0,0.0,0.0,0.0,0.0,0.0,0.0,0.0,0.0
32122,0,0,3400,0.0,0.0,0.0,0.0,0.0,0.0,0.0,0.0,0.0,0.0,0.0,0.0,0.0,0.0,0.0,0.0,0.0
32371,0,0,3400,0.0,0.0,0.0,0.0,0.0,0.0,0.0,0.0,0.0,0.0,0.0,0.0,0.0,0.0,0.0,0.0,0.0
32620,0,0,3400,0.0,0.0,0.0,0.0,0.0,0.0,0.0,0.0,0.0,0.0,0.0,0.0,0.0,0.0,0.0,0.0,0.0
32869,0,0,3400,0.0,0.0,0.0,0.0,0.0,0.0,0.0,0.0,0.0,0.0,0.0,0.0,0.0,0.0,0.0,0.0,0.0
33118,0,0,3400,0.0,0.0,0.0,0.0,0.0,0.0,0.0,0.0,0.0,0.0,0.0,0.0,0.0,0.0,0.0,0.0,0.0
33367,0,0,3400,0.0,0.0,0.0,0.0,0.0,0.0,0.0,0.0,0.0,0.0,0.0,0.0,0.0,0.0,0.0,0.0,0.0
33616,0,0,3400,0.0,0.0,0.0,0.0,0.0,0.0,0.0,0.0,0.0,0.0,0.0,0.0,0.0,0.0,0.0,0.0,0.0
33865,0,0,3400,0.0,0.0,0.0,0.0,0.0,0.0,0.0,0.0,0.0,0.0,0.0,0.0,0.0,0.0,0.0,0.0,0.0
34114,0,0,3400,0.0,0.0,0.0,0.0,0.0,0.0,0.0,0.0,0.0,0.0,0.0,0.0,0.0,0.0,0.0,0.0,0.0
34363,0,0,3400,0.0,0.0,0.0,0.0,0.0,0.0,0.0,0.0,0.0,0.0,0.0,0.0,0.0,0.0,0.0,0.0,0.0
34612,0,0,3400,0.0,0.0,0.0,0.0,0.0,0.0,0.0,0.0,0.0,0.0,0.0,0.0,0.0,0.0,0.0,0.0,0.0
34861,0,0,3400,0.0,0.0,0.0,0.0,0.0,0.0,0.0,0.0,0.0,0.0,0.0,0.0,0.0,0.0,0.0,0.0,0.0
35110,0,0,3400,0.0,0.0,0.0,0.0,0.0,0.0,0.0,0.0,0.0,0.0,0.0,0.0,0.0,0.0,0.0,0.0,0.0
35359,0,0,3400,0.0,0.0,0.0,0.0,0.0,0.0,0.0,0.0,0.0,0.0,0.0,0.0,0.0,0.0,0.0,0.0,0.0
35608,0,0,3400,0.0,0.0,0.0,0.0,0.0,0.0,0.0,0.0,0.0,0.0,0.0,0.0,0.0,0.0,0.0,0.0,0.0
35857,0,0,3400,0.0,0.0,0.0,0.0,0.0,0.0,0.0,0.0,0.0,0.0,0.0,0.0,0.0,0.0,0.0,0.0,0.0
36106,0,0,3400,0.0,0.0,0.0,0.0,0.0,0.0,0.0,0.0,0.0,0.0,0.0,0.0,0.0,0.0,0.0,0.0,0.0
36355,0,0,3400,0.0,0.0,0.0,0.0,0.0,0.0,0.0,0.0,0.0,0.0,0.0,0.0,0.0,0.0,0.0,0.0,0.0
36604,0,0,3400,0.0,0.0,0.0,0.0,0.0,0.0,0.0,0.0,0.0,0.0,0.0,0.0,0.0,0.0,0.0,0.0,0.0
36853,0,0,3400,0.0,0.0,0.0,0.0,0.0,0.0,0.0,0.0,0.0,0.0,0.0,0.0,0.0,0.0,0.0,0.0,0.0
37102,0,0,3400,0.0,0.0,0.0,0.0,0.0,0.0,0.0,0.0,0.0,0.0,0.0,0.0,0.0,0.0,0.0,0.0,0.0
37351,0,0,3400,0.0,0.0,0.0,0.0,0.0,0.0,0.0,0.0,0.0,0.0,0.0,0.0,0.0,0.0,0.0,0.0,0.0
37600,0,0,3400,0.0,0.0,0.0,0.0,0.0,0.0,0.0,0.0,0.0,0.0,0.0,0.0,0.0,0.0,0.0,0.0,0.0
37849,0,0,3400,0.0,0.0,0.0,0.0,0.0,0.0,0.0,0.0,0.0,0.0,0.0,0.0,0.0,0.0,0.0,0.0,0.0
38098,0,0,3400,0.0,0.0,0.0,0.0,0.0,0.0,0.0,0.0,0.0,0.0,0.0,0.0,0.0,0.0,0.0,0.0,0.0
38347,0,0,3400,0.0,0.0,0.0,0.0,0.0,0.0,0.0,0.0,0.0,0.0,0.0,0.0,0.0,0.0,0.0,0.0,0.0
38596,0,0,3400,0.0,0.0,0.0,0.0,0.0,0.0,0.0,0.0,0.0,0.0,0.0,0.0,0.0,0.0,0.0,0.0,0.0
38845,0,0,3400,0.0,0.0,0.0,0.0,0.0,0.0,0.0,0.0,0.0,0.0,0.0,0.0,0.0,0.0,0.0,0.0,0.0
39094,0,0,3400,0.0,0.0,0.0,0.0,0.0,0.0,0.0,0.0,0.0,0.0,0.0,0.0,0.0,0.0,0.0,0.0,0.0
39343,0,0,3400,0.0,0.0,0.0,0.0,0.0,0.0,0.0,0.0,0.0,0.0,0.0,0.0,0.0,0.0,0.0,0.0,0.0
39592,0,0,3400,0.0,0.0,0.0,0.0,0.0,0.0,0.0,0.0,0.0,0.0,0.0,0.0,0.0,0.0,0.0,0.0,0.0
39841,0,0,3400,0.0,0.0,0.0,0.0,0.0,0.0,0.0,0.0,0.0,0.0,0.0,0.0,0.0,0.0,0.0,0.0,0.0
40090,0,0,3400,0.0,0.0,0.0,0.0,0.0,0.0,0.0,0.0,0.0,0.0,0.0,0.0,0.0,0.0,0.0,0.0,0.0
40339,0,0,3400,0.0,0.0,0.0,0.0,0.0,0.0,0.0,0.0,0.0,0.0,0.0,0.0,0.0,0.0,0.0,0.0,0.0
40588,0,0,3400,0.0,0.0,0.0,0.0,0.0,0.0,0.0,0.0,0.0,0.0,0.0,0.0,0.0,0.0,0.0,0.0,0.0
40837,0,0,3400,0.0,0.0,0.0,0.0,0.0,0.0,0.0,0.0,0.0,0.0,0.0,0.0,0.0,0.0,0.0,0.0,0.0
41086,0,0,3400,0.0,0.0,0.0,0.0,0.0,0.0,0.0,0.0,0.0,0.0,0.0,0.0,0.0,0.0,0.0,0.0,0.0
41335,0,0,3400,0.0,0.0,0.0,0.0,0.0,0.0,0.0,0.0,0.0,0.0,0.0,0.0,0.0,0.0,0.0,0.0,0.0
41584,0,0,3400,0.0,0.0,0.0,0.0,0.0,0.0,0.0,0.0,0.0,0.0,0.0,0.0,0.0,0.0,0.0,0.0,0.0
41833,0,0,3400,0.0,0.0,0.0,0.0,0.0,0.0,0.0,0.0,0.0,0.0,0.0,0.0,0.0,0.0,0.0,0.0,0.0
42082,0,0,3400,0.0,0.0,0.0,0.0,0.0,0.0,0.0,0.0,0.0,0.0,0.0,0.0,0.0,0.0,0.0,0.0,0.0
42331,0,0,3400,0.0,0.0,0.0,0.0,0.0,0.0,0.0,0.0,0.0,0.0,0.0,0.0,0.0,0.0,0.0,0.0,0.0
42580,0,0,3400,0.0,0.0,0.0,0.0,0.0,0.0,0.0,0.0,0.0,0.0,0.0,0.0,0.0,0.0,0.0,0.0,0.0
42829,0,0,3400,0.0,0.0,0.0,0.0,0.0,0.0,0.0,0.0,0.0,0.0,0.0,0.0,0.0,0.0,0.0,0.0,0.0
43078,0,0,3400,0.0,0.0,0.0,0.0,0.0,0.0,0.0,0.0,0.0,0.0,0.0,0.0,0.0,0.0,0.0,0.0,0.0
43327,0,0,3400,0.0,0.0,0.0,0.0,0.0,0.0,0.0,0.0,0.0,0.0,0.0,0.0,0.0,0.0,0.0,0.0,0.0
43576,0,0,3400,0.0,0.0,0.0,0.0,0.0,0.0,0.0,0.0,0.0,0.0,0.0,0.0,0.0,0.0,0.0,0.0,0.0
43825,0,0,3400,0.0,0.0,0.0,0.0,0.0,0.0,0.0,0.0,0.0,0.0,0.0,0.0,0.0,0.0,0.0,0.0,0.0
44074,0,0,3400,0.0,0.0,0.0,0.0,0.0,0.0,0.0,0.0,0.0,0.0,0.0,0.0,0.0,0.0,0.0,0.0,0.0
44323,0,0,3400,0.0,0.0,0.0,0.0,0.0,0.0,0.0,0.0,0.0,0.0,0.0,0.0,0.0,0.0,0.0,0.0,0.0
44572,0,0,3400,0.0,0.0,0.0,0.0,0.0,0.0,0.0,0.0,0.0,0.0,0.0,0.0,0.0,0.0,0.0,0.0,0.0
44821,0,0,3400,0.0,0.0,0.0,0.0,0.0,0.0,0.0,0.0,0.0,0.0,0.0,0.0,0.0,0.0,0.0,0.0,0.0
45070,0,0,3400,0.0,0.0,0.0,0.0,0.0,0.0,0.0,0.0,0.0,0.0,0.0,0.0,0.0,0.0,0.0,0.0,0.0
45319,0,0,3400,0.0,0.0,0.0,0.0,0.0,0.0,0.0,0.0,0.0,0.0,0.0,0.0,0.0,0.0,0.0,0.0,0.0
45568,0,0,3400,0.0,0.0,0.0,0.0,0.0,0.0,0.0,0.0,0.0,0.0,0.0,0.0,0.0,0.0,0.0,0.0,0.0
45817,0,0,3400,0.0,0.0,0.0,0.0,0.0,0.0,0.0,0.0,0.0,0.0,0.0,0.0,0.0,0.0,0.0,0.0,0.0
46066,0,0,3400,0.0,0.0,0.0,0.0,0.0,0.0,0.0,0.0,0.0,0.0,0.0,0.0,0.0,0.0,0.0,0.0,0.0
46315,0,0,3400,0.0,0.0,0.0,0.0,0.0,0.0,0.0,0.0,0.0,0.0,0.0,0.0,0.0,0.0,0.0,0.0,0.0
46564,0,0,3400,0.0,0.0,0.0,0.0,0.0,0.0,0.0,0.0,0.0,0.0,0.0,0.0,0.0,0.0,0.0,0.0,0.0
46813,0,0,3400,0.0,0.0,0.0,0.0,0.0,0.0,0.0,0.0,0.0,0.0,0.0,0.0,0.0,0.0,0.0,0.0,0.0
47062,0,0,3400,0.0,0.0,0.0,0.0,0.0,0.0,0.0,0.0,0.0,0.0,0.0,0.0,0.0,0.0,0.0,0.0,0.0
47311,0,0,3400,0.0,0.0,0.0,0.0,0.0,0.0,0.0,0.0,0.0,0.0,0.0,0.0,0.0,0.0,0.0,0.0,0.0
47560,0,0,3400,0.0,0.0,0.0,0.0,0.0,0.0,0.0,0.0,0.0,0.0,0.0,0.0,0.0,0.0,0.0,0.0,0.0
47809,0,0,3400,0.0,0.0,0.0,0.0,0.0,0.0,0.0,0.0,0.0,0.0,0.0,0.0,0.0,0.0,0.0,0.0,0.0
48058,0,0,3400,0.0,0.0,0.0,0.0,0.0,0.0,0.0,0.0,0.0,0.0,0.0,0.0,0.0,0.0,0.0,0.0,0.0
48307,0,0,3400,0.0,0.0,0.0,0.0,0.0,0.0,0.0,0.0,0.0,0.0,0.0,0.0,0.0,0.0,0.0,0.0,0.0
48556,0,0,3400,0.0,0.0,0.0,0.0,0.0,0.0,0.0,0.0,0.0,0.0,0.0,0.0,0.0,0.0,0.0,0.0,0.0
48805,0,0,3400,0.0,0.0,0.0,0.0,0.0,0.0,0.0,0.0,0.0,0.0,0.0,0.0,0.0,0.0,0.0,0.0,0.0
49054,0,0,3400,0.0,0.0,0.0,0.0,0.0,0.0,0.0,0.0,0.0,0.0,0.0,0.0,0.0,0.0,0.0,0.0,0.0
49303,0,0,3400,0.0,0.0,0.0,0.0,0.0,0.0,0.0,0.0,0.0,0.0,0.0,0.0,0.0,0.0,0.0,0.0,0.0
49552,0,0,3400,0.0,0.0,0.0,0.0,0.0,0.0,0.0,0.0,0.0,0.0,0.0,0.0,0.0,0.0,0.0,0.0,0.0
49801,0,0,3400,0.0,0.0,0.0,0.0,0.0,0.0,0.0,0.0,0.0,0.0,0.0,0.0,0.0,0.0,0.0,0.0,0.0
50050,0,0,3400,0.0,0.0,0.0,0.0,0.0,0.0,0.0,0.0,0.0,0.0,0.0,0.0,0.0,0.0,0.0,0.0,0.0
50299,0,0,3400,0.0,0.0,0.0,0.0,0.0,0.0,0.0,0.0,0.0,0.0,0.0,0.0,0.0,0.0,0.0,0.0,0.0
50548,0,0,3400,0.0,0.0,0.0,0.0,0.0,0.0,0.0,0.0,0.0,0.0,0.0,0.0,0.0,0.0,0.0,0.0,0.0
50797,0,0,3400,0.0,0.0,0.0,0.0,0.0,0.0,0.0,0.0,0.0,0.0,0.0,0.0,0.0,0.0,0.0,0.0,0.0
51046,0,0,3400,0.0,0.0,0.0,0.0,0.0,0.0,0.0,0.0,0.0,0.0,0.0,0.0,0.0,0.0,0.0,0.0,0.0
51295,0,0,3400,0.0,0.0,0.0,0.0,0.0,0.0,0.0,0.0,0.0,0.0,0.0,0.0,0.0,0.0,0.0,0.0,0.0
51544,0,0,3400,0.0,0.0,0.0,0.0,0.0,0.0,0.0,0.0,0.0,0.0,0.0,0.0,0.0,0.0,0.0,0.0,0.0
51793,0,0,3400,0.0,0.0,0.0,0.0,0.0,0.0,0.0,0.0,0.0,0.0,0.0,0.0,0.0,0.0,0.0,0.0,0.0
52042,0,0,3400,0.0,0.0,0.0,0.0,0.0,0.0,0.0,0.0,0.0,0.0,0.0,0.0,0.0,0.0,0.0,0.0,0.0
52291,0,0,3400,0.0,0.0,0.0,0.0,0.0,0.0,0.0,0.0,0.0,0.0,0.0,0.0,0.0,0.0,0.0,0.0,0.0
52540,0,0,3400,0.0,0.0,0.0,0.0,0.0,0.0,0.0,0.0,0.0,0.0,0.0,0.0,0.0,0.0,0.0,0.0,0.0
52789,0,0,3400,0.0,0.0,0.0,0.0,0.0,0.0,0.0,0.0,0.0,0.0,0.0,0.0,0.0,0.0,0.0,0.0,0.0
53038,0,0,3400,0.0,0.0,0.0,0.0,0.0,0.0,0.0,0.0,0.0,0.0,0.0,0.0,0.0,0.0,0.0,0.0,0.0
53287,0,0,3400,0.0,0.0,0.0,0.0,0.0,0.0,0.0,0.0,0.0,0.0,0.0,0.0,0.0,0.0,0.0,0.0,0.0
53536,0,1,3400,0.0,0.0,0.0,0.0,0.0,0.0,0.0,0.0,0.0,0.0,0.0,0.0,0.0,0.0,0.0,0.0,0.0
53785,0,1,3400,-62,62,-392,1.8,11,0.29,2912.000000,0,0.0,0.0,33,224,0,0.0,0.0,0.0,1.0
54034,0,1,3400,-62,62,-394,3.5,11,0.50,0.0,0.0,1.0,0.0,33,0.0,0.0,0.0,0.0,0.0,1.0
54283,0,1,3400,-62,62,-396,2.3,11,0.50,10984.126953,0,1.0,11,36,112476.187500,0,0.0,0.0,0.0,1.0
54532,0,1,3400,-62,62,-393,4.6,11,0.50,41752.988281,0,2.1,13,0.0,571665.312500,0,0.0,0.0,0.0,1.0
54781,0,1,3400,-62,62,-389,8.1,11,0.50,79776.890625,0,2.1,14,0.0,16478.087891,0,0.0,0.0,0.0,1.0
55030,0,1,3400,-62,62,-390,8.5,11,0.50,147505.968750,0,2.1,14,0.0,0.0,0.0,0.0,0.0,0.0,1.0
55279,0,1,3400,-62,62,-389,5.9,11,0.50,152478.093750,0,2.1,14,0.0,0.0,0.0,0.0,0.0,0.0,1.0
55528,0,1,3400,-62,62,-398,5.4,11,0.50,102565.734375,0,2.1,14,0.0,23394.421875,0,0.0,0.0,0.0,1.0
55777,0,1,3400,-62,62,-400,13,11,0.50,63617.531250,0,2.1,14,0.0,0.0,0.0,0.0,0.0,0.0,1.0
56026,0,1,3400,-62,62,-399,12,11,0.53,138793.656250,0,2.1,14,0.0,0.0,0.0,0.0,0.0,0.0,1.0
56275,0,1,3400,-62,62,-397,8.7,11,0.50,110693.226562,0,2.1,14,0.0,0.0,0.0,0.0,0.0,0.0,1.0
56524,0,1,3400,-62,62,-393,12,11,0.50,120350.593750,0,2.1,12,0.0,21258.964844,0,0.0,0.0,0.0,1.0
56773,0,1,3400,-62,62,-395,11,11,0.51,101800.796875,0,2.1,0.0,0.0,0.0,0.0,0.0,0.0,0.0,1.0
57022,0,1,3400,-62,62,-401,8.1,11,0.50,158629.484375,0,2.1,0.0,0.0,0.0,0.0,0.0,0.0,0.0,1.0
57271,0,1,3400,-62,62,-398,9.7,11,0.50,140111.546875,0,2.1,0.0,0.0,0.0,0.0,0.0,0.0,0.0,1.0
57520,0,1,3400,-62,62,-393,7.1,11,0.50,165227.093750,0,2.1,0.0,0.0,12334.661133,0,0.0,0.0,0.0,1.0
57769,0,1,3400,-62,62,-398,8.1,11,0.50,109418.328125,0,2.1,0.0,0.0,0.0,0.0,0.0,0.0,0.0,1.0
58018,0,1,3400,-62,62,-396,8.3,10,0.50,109968.257812,0,2.1,0.0,0.0,0.0,0.0,0.0,0.0,0.0,1.0
58267,0,1,3400,-62,62,-399,10,11,0.50,91744.000000,0,2.1,0.0,0.0,0.0,0.0,0.0,0.0,0.0,1.0
58516,0,1,3400,-62,62,-394,8.4,10,0.50,106412.695312,0,2.1,0.0,0.0,8095.238281,0,0.0,0.0,0.0,1.0
58765,0,1,3400,-62,62,-399,9.1,11,0.50,84525.898438,0,2.1,0.0,0.0,0.0,0.0,0.0,0.0,0.0,1.0
59014,0,1,3400,-62,62,-401,11,10,0.51,86438.250000,0,2.1,0.0,0.0,0.0,0.0,0.0,0.0,0.0,1.0
59263,0,1,3400,-62,62,-397,13,11,0.55,105912.351562,0,2.1,0.0,0.0,0.0,0.0,0.0,0.0,0.0,1.0
59512,0,1,3400,-62,62,-391,11,11,0.61,126884.460938,0,2.1,0.0,0.0,8127.490234,0,0.0,0.0,0.0,1.0
59761,0,1,3400,-62,62,-391,11,11,0.51,98103.585938,0,2.1,0.0,0.0,0.0,0.0,0.0,0.0,0.0,1.0
60010,0,1,3400,-62,62,-394,13,11,0.50,95458.164062,0,2.1,0.0,0.0,0.0,0.0,0.0,0.0,0.0,1.0
60259,0,1,3400,-62,62,-397,11,11,0.50,139027.890625,0,2.1,0.0,0.0,0.0,0.0,0.0,0.0,0.0,1.0
60508,0,1,3400,-62,62,-397,13,11,0.50,198190.468750,0,2.1,0.0,0.0,8095.238281,0,0.0,0.0,0.0,1.0
60757,0,1,3400,-62,62,-393,12,11,0.54,76589.640625,0,2.1,0.0,0.0,0.0,0.0,0.0,0.0,0.0,1.0
61006,0,1,3400,-62,62,-399,8.5,11,0.50,107474.101562,0,2.1,0.0,0.0,0.0,0.0,0.0,0.0,0.0,1.0
61255,0,1,3400,-62,62,-396,12,11,0.51,148175.296875,0,2.1,0.0,0.0,0.0,0.0,0.0,0.0,0.0,1.0
61504,0,1,3400,-62,62,-394,12,11,0.52,122804.781250,0,2.1,0.0,0.0,8127.490234,0,0.0,0.0,0.0,1.0
61753,0,1,3400,-62,62,-389,10,11,0.52,129498.007812,0,2.1,0.0,0.0,0.0,0.0,0.0,0.0,0.0,1.0
62002,0,1,3400,-62,62,-389,12,11,0.52,132940.234375,0,2.1,0.0,0.0,0.0,0.0,0.0,0.0,0.0,1.0
62251,0,1,3400,-62,62,-393,11,11,0.55,121657.367188,0,2.1,0.0,0.0,0.0,0.0,0.0,0.0,0.0,1.0
62500,0,1,3400,-62,62,-399,11,11,0.50,132972.109375,0,2.1,0.0,0.0,8127.490234,0,0.0,0.0,0.0,1.0
62749,0,1,3400,-62,62,-402,13,11,0.50,100476.187500,0,2.1,0.0,0.0,0.0,0.0,0.0,0.0,0.0,1.0
62998,0,1,3400,-62,62,-398,10,11,0.50,60653.386719,0,2.1,0.0,0.0,0.0,0.0,0.0,0.0,0.0,1.0
63247,0,1,3400,-62,62,-400,9.2,11,0.50,118597.609375,0,2.1,0.0,0.0,0.0,0.0,0.0,0.0,0.0,1.0
63496,0,1,3400,-62,62,-401,9.1,11,0.50,120988.046875,0,2.1,0.0,0.0,8127.490234,0,0.0,0.0,0.0,1.0
63745,0,1,3400,-62,62,-396,13,11,0.60,127968.125000,0,2.1,0.0,0.0,0.0,0.0,0.0,0.0,0.0,1.0
63994,0,1,3400,-62,62,-400,11,11,0.52,148908.359375,0,2.1,0.0,0.0,0.0,0.0,0.0,0.0,0.0,1.0
64243,0,1,3400,-62,62,-404,8.9,11,0.50,89689.242188,0,2.1,0.0,0.0,0.0,0.0,0.0,0.0,0.0,1.0
64492,0,1,3400,-62,62,-396,11,11,0.50,132015.937500,0,2.1,0.0,0.0,8127.490234,0,0.0,0.0,0.0,1.0
64741,0,1,3400,-62,62,-395,11,11,0.54,128126.984375,0,2.1,0.0,0.0,0.0,0.0,0.0,0.0,0.0,1.0
64990,0,1,3400,-62,62,-397,10.0,11,0.50,149163.343750,0,2.1,0.0,0.0,0.0,0.0,0.0,0.0,0.0,1.0
65239,0,1,3400,-62,62,-401,12,11,0.52,99952.187500,0,2.1,0.0,0.0,0.0,0.0,0.0,0.0,0.0,1.0
65488,0,1,3400,-62,62,-396,13,10,0.58,92749.007812,0,2.1,0.0,0.0,8127.490234,0,0.0,0.0,0.0,1.0
65737,0,1,3400,-62,62,-396,13,11,0.50,79872.507812,0,2.1,0.0,0.0,0.0,0.0,0.0,1.0,1.0,1.0
65986,0,1,3400,-62,62,-392,14,11,0.60,111521.914062,0,2.1,0.0,0.0,0.0,0.0,0.0,0.0,0.0,1.0
66235,0,1,3400,-62,62,-392,8.5,11,0.50,122071.710938,0,2.1,0.0,0.0,0.0,0.0,0.0,0.0,0.0,1.0
66484,0,1,3400,-62,62,-392,5.4,11,0.50,154996.015625,0,2.1,0.0,0.0,12334.661133,0,0.0,0.0,0.0,1.0
66733,0,1,3400,-62,62,-394,12,11,0.50,153402.390625,0,2.1,0.0,0.0,0.0,0.0,0.0,0.0,0.0,1.0
66982,0,1,3400,-62,62,-392,11,11,0.50,106645.421875,0,2.1,0.0,0.0,0.0,0.0,0.0,0.0,0.0,1.0
67231,0,1,3400,-62,62,-397,11,11,0.50,138412.703125,0,2.1,0.0,0.0,0.0,0.0,0.0,0.0,0.0,1.0
67480,0,1,3400,-62,62,-401,5.3,11,0.50,91378.484375,0,2.1,0.0,186,0.0,0.0,0.0,0.0,0.0,1.0
67729,0,1,3400,-62,62,-399,11,11,0.50,148908.359375,0,2.1,0.0,0.0,16191.235352,0,0.0,0.0,0.0,1.0
67978,0,1,3400,-62,62,-403,11,11,0.50,90741.039062,0,2.1,0.0,0.0,0.0,0.0,0.0,0.0,0.0,1.0
68227,0,1,3400,-62,62,-397,11,11,0.50,96669.320312,0,2.1,0.0,0.0,0.0,0.0,0.0,0.0,0.0,1.0
68476,0,1,3400,-62,62,-394,13,11,0.52,155282.875000,0,2.1,0.0,0.0,8127.490234,0,0.0,0.0,0.0,1.0
68725,0,1,3400,-62,62,-391,13,11,0.53,132111.546875,0,2.1,0.0,0.0,0.0,0.0,0.0,0.0,0.0,1.0
68974,0,1,3400,-62,62,-397,12,11,0.50,120095.617188,0,2.1,0.0,0.0,0.0,0.0,0.0,0.0,0.0,1.0
69223,0,1,3400,-62,62,-403,12,11,0.50,108761.906250,0,2.1,0.0,0.0,0.0,0.0,0.0,0.0,0.0,1.0
69472,0,1,3400,-62,62,-397,13,11,0.57,111235.062500,0,2.1,0.0,186,0.0,0.0,0.0,0.0,0.0,1.0
69721,0,1,3400,-62,62,-398,12,11,0.50,117131.476562,0,2.1,0.0,0.0,8127.490234,0,0.0,0.0,0.0,1.0
69970,0,1,3400,-62,62,-390,13,11,0.50,142852.593750,0,2.1,0.0,0.0,0.0,0.0,0.0,0.0,0.0,1.0
70219,0,1,3400,-62,62,-391,14,11,0.61,136318.718750,0,2.1,0.0,0.0,0.0,0.0,0.0,0.0,0.0,1.0
70468,0,1,3400,-62,62,-394,15,10,0.62,60270.917969,0,2.1,0.0,0.0,16191.235352,0,0.0,0.0,0.0,1.0
70717,0,1,3400,-62,62,-392,12,11,0.50,93641.437500,0,2.1,0.0,0.0,0.0,0.0,0.0,0.0,0.0,1.0
70966,0,1,3400,-62,62,-394,12,11,0.50,86438.250000,0,2.1,0.0,0.0,0.0,0.0,0.0,0.0,0.0,1.0
71215,0,1,3400,-62,62,-402,9.0,11,0.50,110087.648438,0,2.1,0.0,0.0,0.0,0.0,0.0,1.0,0.0,1.0
71464,0,1,3400,-62,62,-398,12,11,0.50,95682.539062,0,2.1,0.0,0.0,8095.238281,0,0.0,0.0,0.0,1.0
71713,0,1,3400,-62,62,-398,11,11,0.50,106645.421875,0,2.1,0.0,0.0,0.0,0.0,0.0,0.0,0.0,1.0
71962,0,1,3400,-62,62,-398,10.0,11,0.50,117163.343750,0,2.1,0.0,0.0,0.0,0.0,0.0,0.0,0.0,1.0
72211,0,1,3400,-62,62,-397,9.7,11,0.50,171378.484375,0,2.1,0.0,0.0,0.0,0.0,0.0,0.0,0.0,1.0
72460,0,1,3400,-62,62,-401,7.6,10,0.50,94565.734375,0,2.1,0.0,0.0,12334.661133,0,0.0,0.0,0.0,1.0
72709,0,1,3400,-62,62,-398,8.4,11,0.50,66390.437500,0,2.1,0.0,0.0,0.0,0.0,0.0,0.0,0.0,1.0
72958,0,1,3400,-62,62,-390,9.3,11,0.50,145912.343750,0,2.1,0.0,0.0,0.0,0.0,0.0,0.0,0.0,1.0
73207,0,1,3400,-62,62,-387,10,11,0.64,64860.558594,0,2.1,0.0,0.0,0.0,0.0,0.0,0.0,0.0,1.0
73456,0,1,3400,-62,62,-390,9.1,11,0.62,134285.718750,1,2.1,0.0,0.0,12285.713867,0,0.0,0.0,0.0,1.0
73705,0,1,3400,-62,62,-397,12,11,0.50,100780.875000,0,2.1,0.0,0.0,0.0,0.0,0.0,0.0,0.0,1.0
73954,0,1,3400,-62,62,-396,8.4,11,0.50,91856.570312,0,2.1,0.0,0.0,0.0,0.0,0.0,0.0,0.0,1.0
74203,0,1,3400,-62,62,-394,10,11,0.50,137434.265625,0,2.1,0.0,0.0,0.0,0.0,0.0,0.0,0.0,1.0
74452,0,1,3400,-62,62,-395,13,11,0.50,118948.210938,0,2.1,0.0,0.0,8127.490234,0,0.0,0.0,0.0,1.0
74701,0,1,3400,-62,62,-397,11,11,0.50,149832.671875,0,2.1,0.0,0.0,0.0,0.0,0.0,0.0,0.0,1.0
74950,0,1,3400,-62,62,-394,12,11,0.50,148366.531250,0,2.1,0.0,0.0,0.0,0.0,0.0,0.0,0.0,1.0
75199,0,1,3400,-62,62,-394,13,11,0.50,157705.171875,0,2.1,0.0,0.0,0.0,0.0,0.0,0.0,0.0,1.0
75448,0,1,3400,-62,62,-404,11,11,0.57,128860.554688,0,2.1,0.0,0.0,12334.661133,0,0.0,0.0,0.0,1.0
75697,0,1,3400,-62,62,-401,10,11,0.50,135460.312500,0,2.1,0.0,0.0,0.0,0.0,0.0,0.0,0.0,1.0
75946,0,1,3400,-62,62,-395,11,11,0.50,149035.859375,0,2.1,0.0,0.0,0.0,0.0,0.0,0.0,0.0,1.0
76195,0,1,3400,-62,62,-394,8.7,11,0.50,142342.625000,0,2.1,0.0,0.0,0.0,0.0,0.0,0.0,0.0,1.0
76444,0,1,3400,-62,62,-395,11,11,0.50,120541.835938,0,2.1,0.0,0.0,12334.661133,0,0.0,0.0,0.0,1.0
76693,0,1,3400,-62,62,-398,12,11,0.50,100972.109375,0,2.1,0.0,0.0,0.0,0.0,0.0,0.0,0.0,1.0
76942,0,1,3400,-62,62,-396,13,11,0.50,122007.968750,0,2.1,0.0,0.0,0.0,0.0,0.0,0.0,0.0,1.0
77191,0,1,3400,-62,62,-394,12,11,0.50,137784.859375,0,2.1,0.0,0.0,0.0,0.0,0.0,0.0,0.0,1.0
77440,0,1,3400,-62,62,-401,13,11,0.54,142278.890625,0,2.1,0.0,186,0.0,0,0.0,0.0,0.0,1.0
77689,0,1,3400,-62,62,-401,12,11,0.55,141936.515625,0,2.1,0.0,0.0,12285.713867,0,0.0,0.0,0.0,1.0
77938,0,1,3400,-62,62,-397,12,11,0.50,143394.421875,0,2.1,0.0,0.0,0.0,0.0,0.0,0.0,0.0,1.0
78187,0,1,3400,-62,62,-405,12,11,0.50,99537.851562,0,2.1,0.0,0.0,0.0,0.0,0.0,0.0,0.0,1.0
78436,0,1,3400,-62,62,-402,10,11,0.50,93290.835938,0,2.1,0.0,0.0,8127.490234,0,0.0,0.0,0.0,1.0
78685,0,1,3400,-62,62,-394,12,11,0.50,100557.765625,0,2.1,0.0,0.0,0.0,0.0,0.0,0.0,0.0,1.0
78934,0,1,3400,-62,62,-394,11,11,0.50,91665.335938,0,2.1,0.0,0.0,0.0,0.0,0.0,0.0,0.0,1.0
79183,0,1,3400,-62,62,-397,12,11,0.50,101705.179688,0,2.1,0.0,0.0,0.0,0.0,0.0,0.0,0.0,1.0
79432,0,1,3400,-62,62,-399,11,11,0.50,102247.015625,0,2.1,0.0,0.0,12334.661133,0,0.0,0.0,0.0,1.0
79681,0,1,3400,-62,62,-397,9.0,11,0.50,108666.664062,0,2.1,0.0,0.0,0.0,0.0,0.0,0.0,0.0,1.0
79930,0,1,3400,-62,62,-401,7.9,11,0.50,72478.085938,0,2.1,0.0,0.0,0.0,0.0,0.0,0.0,0.0,1.0
80179,0,1,3400,-62,62,-396,6.7,10,0.50,110247.015625,0,2.1,0.0,0.0,0.0,0.0,0.0,0.0,0.0,1.0
80428,0,1,3400,-62,62,-399,12,11,0.50,118374.500000,0,2.1,0.0,0.0,12334.661133,0,0.0,0.0,0.0,1.0
80677,0,1,3400,-62,62,-396,8.6,11,0.50,118023.906250,0,2.1,0.0,0.0,0.0,0.0,0.0,0.0,0.0,1.0
80926,0,1,3400,-62,62,-394,9.8,11,0.50,112860.554688,0,2.1,0.0,0.0,0.0,0.0,0.0,0.0,0.0,1.0
81175,0,1,3400,-62,62,-393,11,11,0.50,126055.773438,0,2.1,0.0,0.0,0.0,0.0,0.0,0.0,0.0,1.0
81424,0,1,3400,-62,62,-395,4.9,11,0.54,90486.054688,0,2.1,0.0,186,0.0,0,0.0,0.0,0.0,1.0
81673,0,1,3400,-62,62,-400,10,11,0.50,170422.312500,0,2.1,0.0,0.0,12334.661133,0,0.0,0.0,0.0,1.0
81922,0,1,3400,-62,62,-395,12,11,0.50,155619.046875,0,2.1,0.0,0.0,0.0,0.0,0.0,0.0,0.0,1.0
82171,0,1,3400,-62,62,-397,12,11,0.61,108239.046875,0,2.1,0.0,0.0,0.0,0.0,0.0,0.0,0.0,1.0
82420,0,1,3400,-62,62,-401,12,11,0.50,148270.921875,0,2.1,0.0,0.0,8127.490234,0,0.0,0.0,0.0,1.0
82669,0,1,3400,-62,62,-400,13,11,0.50,152860.562500,0,2.1,0.0,0.0,0.0,0.0,0.0,0.0,0.0,1.0
82918,0,1,3400,-62,62,-399,11,11,0.50,106422.312500,0,2.1,0.0,0.0,0.0,0.0,0.0,0.0,0.0,1.0
83167,0,1,3400,-62,62,-398,13,11,0.50,189513.937500,0,2.1,0.0,0.0,0.0,0.0,0.0,0.0,0.0,1.0
83416,0,1,3400,-62,62,-393,11,11,0.56,132749.000000,0,2.1,0.0,0.0,12334.661133,0,0.0,0.0,0.0,1.0
83665,0,1,3400,-62,62,-395,11,11,0.50,141195.218750,0,2.1,0.0,0.0,0.0,0.0,0.0,0.0,0.0,1.0
83914,0,1,3400,-62,62,-395,13,11,0.50,90454.179688,0,2.1,0.0,0.0,0.0,0.0,0.0,0.0,0.0,1.0
84163,0,1,3400,-62,62,-396,11,11,0.50,121460.320312,0,2.1,0.0,0.0,0.0,0.0,0.0,0.0,0.0,1.0
84412,0,1,3400,-62,62,-397,9.5,11,0.50,103776.890625,0,2.1,0.0,0.0,8127.490234,0,0.0,0.0,0.0,1.0
84661,0,1,3400,-62,62,-396,9.8,11,0.50,128509.960938,0,2.1,0.0,0.0,0.0,0.0,0.0,0.0,0.0,1.0
84910,0,1,3400,-62,62,-394,11,11,0.68,88127.492188,2,2.1,0.0,0.0,0.0,0.0,0.0,0.0,0.0,1.0
85159,0,1,3400,-62,62,-400,11,11,0.50,138581.671875,0,2.1,0.0,0.0,0.0,0.0,0.0,0.0,0.0,1.0
85408,0,1,3400,-62,62,-397,11,11,0.50,48733.066406,0,2.1,0.0,0.0,12334.661133,0,0.0,0.0,0.0,1.0
85657,0,1,3400,-62,62,-396,11,11,0.50,175426.296875,0,2.1,0.0,0.0,0.0,0.0,0.0,0.0,0.0,1.0
85906,0,1,3400,-62,62,-398,13,11,0.56,149174.609375,0,2.1,0.0,0.0,0.0,0.0,0.0,0.0,0.0,1.0
86155,0,1,3400,-62,62,-402,11,10,0.58,171346.609375,0,2.1,0.0,0.0,0.0,0.0,0.0,0.0,0.0,1.0
86404,0,1,3400,-62,62,-398,9.0,11,0.50,138167.328125,0,2.1,0.0,186,0.0,0,0.0,0.0,0.0,1.0
86653,0,1,3400,-62,62,-400,9.0,11,0.50,163155.375000,0,2.1,0.0,0.0,8127.490234,0,0.0,0.0,0.0,1.0
86902,0,1,3400,-62,62,-404,11,11,0.50,117513.945312,0,2.1,0.0,0.0,0.0,0.0,0.0,0.0,0.0,1.0
87151,0,1,3400,-62,62,-403,11,11,0.50,143617.531250,0,2.1,0.0,0.0,0.0,0.0,0.0,0.0,0.0,1.0
87400,0,1,3400,-62,62,-403,13,11,0.50,116653.382812,0,2.1,0.0,0.0,8127.490234,0,0.0,0.0,0.0,1.0
87649,0,1,3400,-62,62,-398,9.6,11,0.50,103968.125000,0,2.1,0.0,0.0,0.0,0.0,0.0,0.0,0.0,1.0
87898,0,1,3400,-62,62,-398,12,11,0.51,126698.414062,0,2.1,0.0,0.0,0.0,0.0,0.0,0.0,0.0,1.0
88147,0,1,3400,-62,62,-401,7.9,10,0.50,98517.929688,0,2.1,0.0,0.0,0.0,0.0,0.0,0.0,0.0,1.0
88396,0,1,3400,-62,62,-401,11,11,0.51,125067.726562,0,2.1,0.0,186,0.0,0.0,0.0,0.0,0.0,1.0
88645,0,1,3400,-62,62,-399,9.3,11,0.50,122868.523438,0,2.1,0.0,0.0,8127.490234,0,0.0,0.0,0.0,1.0
88894,0,1,3400,-62,62,-402,6.9,11,0.50,98772.906250,0,2.1,0.0,0.0,0.0,0.0,0.0,0.0,0.0,1.0
89143,0,1,3400,-62,62,-402,9.9,11,0.52,142438.250000,0,2.1,0.0,0.0,0.0,0.0,0.0,0.0,0.0,1.0
89392,0,1,3400,-62,62,-393,7.5,11,0.50,114517.929688,0,2.1,0.0,0.0,8127.490234,0,0.0,0.0,0.0,1.0
89641,0,1,3400,-62,62,-394,11,11,0.50,100844.625000,0,2.1,0.0,0.0,0.0,0.0,0.0,0.0,0.0,1.0
89890,0,1,3400,-62,62,-396,12,11,0.62,142920.640625,0,2.1,0.0,0.0,0.0,0.0,0.0,0.0,0.0,1.0
90139,0,1,3400,-62,62,-400,9.8,11,0.50,122167.328125,0,2.1,0.0,0.0,0.0,0.0,0.0,0.0,0.0,1.0
90388,0,1,3400,-62,62,-407,11,11,0.50,154645.421875,0,2.1,0.0,0.0,8127.490234,0,0.0,0.0,0.0,1.0
90637,0,1,3400,-62,62,-406,12,11,0.50,123537.851562,0,2.1,0.0,0.0,0.0,0.0,0.0,0.0,0.0,1.0
90886,0,1,3400,-62,62,-407,12,11,0.50,107410.359375,0,2.1,0.0,0.0,0.0,0.0,0.0,0.0,0.0,1.0
91135,0,1,3400,-62,62,-401,14,11,0.71,89402.390625,3,2.1,0.0,0.0,0.0,0.0,0.0,0.0,0.0,1.0
91384,0,1,3400,-62,62,-397,13,11,0.71,100685.257812,0,2.1,0.0,0.0,12334.661133,0,0.0,0.0,0.0,1.0
91633,0,1,3400,-62,62,-395,12,10,0.79,41944.222656,10,2.1,0.0,0.0,0.0,0.0,0.0,0.0,0.0,1.0
91882,0,1,3400,-62,62,-395,11,10,0.77,100749.007812,0,2.1,0.0,0.0,0.0,0.0,0.0,0.0,0.0,1.0
92131,0,1,3400,-62,62,-395,7.5,11,0.52,93111.109375,0,2.1,0.0,0.0,0.0,0.0,0.0,0.0,0.0,1.0
92380,0,1,3400,-62,62,-393,11,11,0.54,122996.015625,0,2.1,0.0,0.0,8127.490234,0,0.0,0.0,0.0,1.0
92629,0,1,3400,-62,62,-399,9.2,11,0.50,106444.445312,0,2.1,0.0,0.0,0.0,0.0,0.0,0.0,0.0,1.0
92878,0,1,3400,-62,62,-398,12,11,0.50,122007.968750,0,2.1,0.0,0.0,0.0,0.0,0.0,0.0,0.0,1.0
93127,0,1,3400,-62,62,-401,11,11,0.50,126693.226562,0,2.1,0.0,0.0,0.0,0.0,0.0,0.0,0.0,1.0
93376,0,1,3400,-62,62,-404,12,11,0.65,126533.867188,0,2.1,0.0,0.0,8127.490234,0,0.0,0.0,0.0,1.0
93625,0,1,3400,-62,62,-401,11,11,0.58,159840.640625,1,2.1,0.0,0.0,0.0,0.0,0.0,0.0,0.0,1.0
93874,0,1,3400,-62,62,-392,8.0,11,0.50,133619.046875,0,2.1,0.0,0.0,0.0,0.0,0.0,0.0,0.0,1.0
94123,0,1,3400,-62,62,-397,13,11,0.50,134948.203125,0,2.1,0.0,0.0,0.0,0.0,0.0,0.0,0.0,1.0
94372,0,1,3400,-62,62,-395,12,11,0.50,93450.195312,0,2.1,0.0,0.0,8127.490234,0,0.0,0.0,0.0,1.0
94621,0,1,3400,-62,62,-392,13,11,0.53,120223.109375,0,2.1,0.0,0.0,0.0,0.0,0.0,0.0,0.0,1.0
94870,0,1,3400,-62,62,-399,11,11,0.50,99219.125000,0,2.1,0.0,0.0,0.0,0.0,0.0,0.0,0.0,1.0
95119,0,1,3400,-62,62,-394,11,11,0.50,138517.921875,0,2.1,0.0,0.0,0.0,0.0,0.0,0.0,0.0,1.0
95368,0,1,3400,-62,62,-394,8.6,11,0.50,120031.875000,0,2.1,0.0,186,0.0,0.0,0.0,0.0,0.0,1.0
95617,0,1,3400,-62,62,-400,6.9,11,0.50,118788.843750,0,2.1,0.0,0.0,12334.661133,0,0.0,0.0,0.0,1.0
95866,0,1,3400,-62,62,-404,8.8,11,0.50,74900.398438,0,2.1,0.0,0.0,0.0,0.0,0.0,0.0,0.0,1.0
96115,0,1,3400,-62,62,-405,8.7,11,0.50,146571.421875,0,2.1,0.0,0.0,0.0,0.0,0.0,0.0,0.0,1.0
96364,0,1,3400,-62,62,-396,12,11,0.50,90103.585938,0,2.1,0.0,186,0.0,0,0.0,0.0,0.0,1.0
96613,0,1,3400,-62,62,-392,11,10,0.50,83474.101562,0,2.1,0.0,0.0,12334.661133,0,0.0,0.0,0.0,1.0
96862,0,1,3400,-62,62,-395,12,10,0.50,82677.289062,0,2.1,0.0,0.0,0.0,0.0,0.0,0.0,0.0,1.0
97111,0,1,3400,-62,62,-397,11,11,0.50,129019.921875,0,2.1,0.0,0.0,0.0,0.0,0.0,0.0,0.0,1.0
97360,0,1,3400,-62,62,-395,8.6,11,0.50,136063.750000,0,2.1,0.0,0.0,8127.490234,0,0.0,0.0,0.0,1.0
97609,0,1,3400,-62,62,-399,11,11,0.50,87936.257812,0,2.1,0.0,0.0,0.0,0.0,0.0,0.0,0.0,1.0
97858,0,1,3400,-62,62,-397,10,11,0.50,135681.281250,0,2.1,0.0,0.0,0.0,0.0,0.0,0.0,0.0,1.0
98107,0,1,3400,-62,62,-398,9.6,11,0.50,104126.984375,0,2.1,0.0,0.0,0.0,0.0,0.0,0.0,0.0,1.0
98356,0,1,3400,-62,62,-400,7.9,11,0.50,74486.054688,0,2.1,0.0,0.0,8127.490234,0,0.0,0.0,0.0,1.0
98605,0,1,3400,-62,62,-397,3.7,11,0.50,99697.210938,0,2.1,0.0,0.0,0.0,0.0,0.0,0.0,0.0,1.0
98854,0,1,3400,-62,62,-405,9.3,11,0.57,148015.937500,0,2.1,0.0,0.0,0.0,0.0,0.0,0.0,0.0,1.0
99103,0,1,3400,-62,62,-406,9.8,11,0.61,112478.085938,1,2.1,0.0,0.0,0.0,0.0,0.0,0.0,0.0,1.0
99352,0,1,3400,-62,62,-395,10.0,11,0.50,139792.828125,0,2.1,0.0,0.0,12334.661133,0,0.0,0.0,0.0,1.0
99601,0,1,3400,-62,62,-393,10,11,0.50,147856.578125,0,2.1,0.0,0.0,0.0,0.0,0.0,0.0,0.0,1.0
99850,0,1,3400,-62,62,-401,12,11,0.50,95713.148438,0,2.1,0.0,0.0,0.0,0.0,0.0,0.0,0.0,1.0
100099,0,1,3400,-62,62,-397,12,11,0.50,84793.648438,0,2.1,0.0,0.0,0.0,0.0,0.0,0.0,0.0,1.0
100348,0,1,3400,-62,62,-397,12,11,0.71,125800.796875,0,2.1,0.0,0.0,12334.661133,0,0.0,0.0,0.0,1.0
100597,0,1,3400,-62,62,-400,9.8,11,0.50,113274.898438,0,2.1,0.0,0.0,0.0,0.0,0.0,0.0,0.0,1.0
100846,0,1,3400,-62,62,-395,13,11,0.67,84844.625000,0,2.1,0.0,0.0,0.0,0.0,0.0,0.0,0.0,1.0
101095,0,1,3400,-62,62,-396,7.9,11,0.51,72031.875000,0,2.1,0.0,0.0,0.0,0.0,0.0,0.0,0.0,1.0
101344,0,1,3400,-62,62,-400,9.6,11,0.50,133003.984375,0,2.1,0.0,0.0,8127.490234,0,0.0,0.0,0.0,1.0
101593,0,1,3400,-62,62,-403,11,11,0.50,143713.140625,0,2.1,0.0,0.0,0.0,0.0,0.0,0.0,0.0,1.0
101842,0,1,3400,-62,62,-399,12,11,0.64,102661.351562,2,2.1,0.0,0.0,0.0,0.0,0.0,0.0,0.0,1.0
102091,0,1,3400,-62,62,-403,15,11,1.1,88956.171875,7,2.1,0.0,0.0,0.0,0.0,0.0,0.0,0.0,1.0
102340,0,1,3400,-62,62,-403,12,11,0.50,116761.906250,0,2.1,0.0,0.0,8095.238281,0,0.0,0.0,0.0,1.0
102589,0,1,3400,-62,62,-395,7.9,11,0.50,115984.062500,0,2.1,0.0,0.0,0.0,0.0,0.0,0.0,0.0,1.0
102838,0,1,3400,-62,62,-395,16,11,1.2,128669.320312,4,2.1,0.0,0.0,0.0,0.0,0.0,0.0,0.0,1.0
103087,0,1,3400,-62,62,-395,14,11,0.62,102310.757812,0,2.1,0.0,0.0,0.0,0.0,0.0,0.0,0.0,1.0
103336,0,1,3400,-62,62,-397,13,11,0.51,148621.515625,0,2.1,0.0,0.0,12334.661133,0,0.0,0.0,0.0,1.0
103585,0,1,3400,-62,62,-403,8.2,11,0.50,133099.609375,0,2.1,0.0,0.0,0.0,0.0,0.0,0.0,0.0,1.0
103834,0,1,3400,-62,62,-402,9.7,11,0.50,137402.390625,0,2.1,0.0,0.0,0.0,0.0,0.0,0.0,0.0,1.0
104083,0,1,3400,-62,62,-398,9.5,11,0.50,109841.273438,0,2.1,0.0,0.0,0.0,0.0,0.0,0.0,0.0,1.0
104332,0,1,3400,-62,62,-397,12,11,0.51,136828.687500,0,2.1,0.0,186,0.0,0,0.0,0.0,0.0,1.0
104581,0,1,3400,-62,62,-395,9.5,11,0.50,111235.062500,0,2.1,0.0,0.0,8127.490234,0,0.0,0.0,0.0,1.0
104830,0,1,3400,-62,62,-397,7.8,11,0.50,151681.281250,0,2.1,0.0,0.0,0.0,0.0,0.0,0.0,0.0,1.0
105079,0,1,3400,-62,62,-399,12,11,0.50,149513.937500,0,2.1,0.0,0.0,0.0,0.0,0.0,0.0,0.0,1.0
105328,0,1,3400,-62,62,-404,9.2,11,0.50,105529.882812,0,2.1,0.0,0.0,8127.490234,0,0.0,0.0,0.0,1.0
105577,0,1,3400,-62,62,-395,11,11,0.50,117035.859375,0,2.1,0.0,0.0,0.0,0.0,0.0,0.0,0.0,1.0
105826,0,1,3400,-62,62,-396,12,11,0.50,146039.843750,0,2.1,0.0,0.0,0.0,0.0,0.0,0.0,0.0,1.0
106075,0,1,3400,-62,62,-397,9.7,11,0.50,170634.921875,0,2.1,0.0,0.0,0.0,0.0,0.0,0.0,0.0,1.0
106324,0,1,3400,-62,62,-395,11,11,0.50,129880.476562,0,2.1,0.0,0.0,8127.490234,0,0.0,0.0,0.0,1.0
106573,0,1,3400,-62,62,-406,9.6,11,0.55,140079.687500,0,2.1,0.0,0.0,0.0,0.0,0.0,0.0,0.0,1.0
106822,0,1,3400,-62,62,-400,9.8,11,0.50,117418.328125,0,2.1,0.0,0.0,0.0,0.0,0.0,0.0,0.0,1.0
107071,0,1,3400,-62,62,-397,13,11,0.50,119808.765625,0,2.1,0.0,0.0,0.0,0.0,0.0,0.0,0.0,1.0
107320,0,1,3400,-62,62,-402,12,11,0.55,98645.421875,0,2.1,0.0,186,0.0,0,0.0,0.0,0.0,1.0
107569,0,1,3400,-62,62,-400,12,11,0.50,93513.945312,0,2.1,0.0,0.0,8127.490234,0,0.0,0.0,0.0,1.0
107818,0,1,3400,-62,62,-400,9.8,11,0.50,105689.242188,0,2.1,0.0,0.0,0.0,0.0,0.0,0.0,0.0,1.0
108067,0,1,3400,-62,62,-400,9.9,11,0.50,119298.804688,0,2.1,0.0,0.0,0.0,0.0,0.0,0.0,0.0,1.0
108316,0,1,3400,-62,62,-399,10,11,0.50,106222.218750,0,2.1,0.0,0.0,8095.238281,0,0.0,0.0,0.0,1.0
108565,0,1,3400,-62,62,-398,13,11,0.50,122231.078125,0,2.1,0.0,0.0,0.0,0.0,0.0,0.0,0.0,1.0
108814,0,1,3400,-62,62,-404,13,11,0.54,95362.546875,0,2.1,0.0,0.0,0.0,0.0,0.0,0.0,0.0,1.0
109063,0,1,3400,-62,62,-400,10,11,0.50,95904.382812,0,2.1,0.0,0.0,0.0,0.0,0.0,0.0,0.0,1.0
109312,0,1,3400,-62,62,-401,12,11,0.50,154454.187500,0,2.1,0.0,0.0,8127.490234,0,0.0,0.0,0.0,1.0
109561,0,1,3400,-62,62,-403,13,11,0.50,162932.265625,0,2.1,0.0,0.0,0.0,0.0,0.0,0.0,0.0,1.0
109810,0,1,3400,-62,62,-399,12,11,0.50,125482.070312,0,2.1,0.0,0.0,0.0,0.0,0.0,0.0,0.0,1.0
110059,0,1,3400,-62,62,-399,9.0,11,0.50,129269.843750,0,2.1,0.0,0.0,0.0,0.0,0.0,0.0,0.0,1.0
110308,0,1,3400,-62,62,-400,10,11,0.50,112924.304688,0,2.1,0.0,0.0,8127.490234,0,0.0,0.0,0.0,1.0
110557,0,1,3400,-62,62,-398,12,11,0.50,135458.171875,0,2.1,0.0,0.0,0.0,0.0,0.0,0.0,0.0,1.0
110806,0,1,3400,-62,62,-402,13,11,0.50,145370.515625,0,2.1,0.0,0.0,0.0,0.0,0.0,0.0,0.0,1.0
111055,0,1,3400,-62,62,-402,13,11,0.50,53290.835938,0,2.1,0.0,0.0,0.0,0.0,0.0,0.0,0.0,1.0
111304,0,1,3400,-62,62,-399,13,11,0.50,74517.929688,0,2.1,0.0,0.0,0.0,0.0,0.0,0.0,0.0,1.0
111553,0,1,3400,-62,62,-398,12,10,0.50,171442.234375,0,2.1,0.0,0.0,8127.490234,0,0.0,0.0,0.0,1.0
111802,0,1,3400,-62,62,-399,12,11,0.50,99984.062500,0,2.1,0.0,0.0,0.0,0.0,0.0,0.0,0.0,1.0
112051,0,1,3400,-62,62,-401,11,11,0.50,108190.476562,0,2.1,0.0,0.0,0.0,0.0,0.0,0.0,0.0,1.0
112300,0,1,3400,-62,62,-402,12,11,0.50,90262.945312,0,2.1,0.0,0.0,8127.490234,0,0.0,0.0,0.0,1.0
112549,0,1,3400,-62,62,-403,9.7,11,0.50,128446.218750,0,2.1,0.0,0.0,0.0,0.0,0.0,0.0,0.0,1.0
112798,0,1,3400,-62,62,-399,11,11,0.50,115505.976562,0,2.1,0.0,0.0,0.0,0.0,0.0,0.0,0.0,1.0
113047,0,1,3400,-62,62,-404,16,11,0.93,127043.828125,0,2.1,0.0,0.0,0.0,0.0,0.0,0.0,0.0,1.0
113296,0,1,3400,-62,62,-398,15,11,0.73,121529.882812,0,2.1,0.0,186,0.0,0,0.0,0.0,0.0,1.0
113545,0,1,3400,-62,62,-395,13,11,0.50,106103.585938,0,2.1,0.0,0.0,12334.661133,0,0.0,0.0,0.0,1.0
113794,0,1,3400,-62,62,-402,9.5,11,0.50,101418.328125,0,2.1,0.0,0.0,0.0,0.0,0.0,0.0,0.0,1.0
114043,0,1,3400,-62,62,-405,7.6,11,0.50,120031.742188,0,2.1,0.0,0.0,0.0,0.0,0.0,0.0,0.0,1.0
114292,0,1,3400,-62,62,-403,8.8,11,0.50,140398.406250,0,2.1,0.0,0.0,12334.661133,0,0.0,0.0,0.0,1.0
114541,0,1,3400,-62,62,-399,7.7,11,0.50,109418.328125,0,2.1,0.0,0.0,0.0,0.0,0.0,0.0,0.0,1.0
114790,0,1,3400,-62,62,-392,9.5,11,0.50,101354.578125,0,2.1,0.0,0.0,0.0,0.0,0.0,0.0,0.0,1.0
115039,0,1,3400,-62,62,-399,13,11,0.50,127521.914062,0,2.1,0.0,0.0,0.0,0.0,0.0,0.0,0.0,1.0
115288,0,1,3400,-62,62,-394,13,11,0.50,90326.695312,0,2.1,0.0,0.0,8127.490234,0,0.0,0.0,0.0,1.0
115537,0,1,3400,-62,62,-394,13,11,0.50,132621.515625,0,2.1,0.0,0.0,0.0,0.0,0.0,0.0,0.0,1.0
115786,0,1,3400,-62,62,-403,12,11,0.50,142087.656250,0,2.1,0.0,0.0,0.0,0.0,0.0,0.0,0.0,1.0
116035,0,1,3400,-62,62,-408,9.7,11,0.50,173047.625000,0,2.1,0.0,0.0,0.0,0.0,0.0,0.0,0.0,1.0
116284,0,1,3400,-62,62,-404,13,11,0.50,118310.757812,0,2.1,0.0,186,0.0,0.0,0.0,0.0,0.0,1.0
116533,0,1,3400,-62,62,-399,9.6,11,0.50,141673.312500,0,2.1,0.0,0.0,12334.661133,0,0.0,0.0,0.0,1.0
116782,0,1,3400,-62,62,-396,10.0,10,0.50,116270.914062,0,2.1,0.0,0.0,0.0,0.0,0.0,0.0,0.0,1.0
117031,0,1,3400,-62,62,-401,10.0,10,0.50,122422.312500,0,2.1,0.0,0.0,0.0,0.0,0.0,0.0,0.0,1.0
117280,0,1,3400,-62,62,-402,13,11,0.56,85067.726562,0,2.1,0.0,0.0,12334.661133,0,0.0,0.0,0.0,1.0
117529,0,1,3400,-62,62,-396,13,11,0.50,111681.273438,0,2.1,0.0,0.0,0.0,0.0,0.0,0.0,0.0,1.0
117778,0,1,3400,-62,62,-392,12,11,0.50,122358.562500,0,2.1,0.0,0.0,0.0,0.0,0.0,0.0,0.0,1.0
118027,0,1,3400,-62,62,-398,13,11,0.51,147619.046875,0,2.1,0.0,0.0,0.0,0.0,0.0,0.0,0.0,1.0
118276,0,1,3400,-62,62,-410,9.9,11,0.50,85418.328125,0,2.1,0.0,0.0,12334.661133,0,0.0,0.0,0.0,1.0
118525,0,1,3400,-62,62,-399,7.8,10,0.50,155569.718750,0,2.1,0.0,0.0,0.0,0.0,0.0,0.0,0.0,1.0
118774,0,1,3400,-62,62,-397,12,11,0.50,127617.531250,0,2.1,0.0,0.0,0.0,0.0,0.0,0.0,0.0,1.0
119023,0,1,3400,-62,62,-398,9.3,11,0.50,159745.015625,0,2.1,0.0,0.0,0.0,0.0,0.0,0.0,0.0,1.0
119272,0,1,3400,-62,62,-401,11,11,0.50,122231.078125,0,2.1,0.0,0.0,8127.490234,0,0.0,0.0,0.0,1.0
119521,0,1,3400,-62,62,-397,12,11,0.50,132940.234375,0,2.1,0.0,0.0,0.0,0.0,0.0,0.0,0.0,1.0
119770,0,1,3400,-62,62,-401,11,11,0.50,100920.632812,0,2.1,0.0,0.0,0.0,0.0,0.0,0.0,0.0,1.0
120019,0,1,3400,-62,62,-401,12,11,0.50,127011.953125,0,2.1,0.0,0.0,0.0,0.0,0.0,0.0,0.0,1.0
120268,0,1,3400,-62,62,-408,10,10,0.50,83027.890625,0,2.1,0.0,0.0,12334.661133,0,0.0,0.0,0.0,1.0
120517,0,1,3400,-62,62,-398,9.6,11,0.50,167681.281250,0,2.1,0.0,0.0,0.0,0.0,0.0,0.0,0.0,1.0
120766,0,1,3400,-62,62,-397,7.0,11,0.60,158661.359375,0,2.1,0.0,0.0,0.0,0.0,0.0,0.0,0.0,1.0
121015,0,1,3400,-62,62,-395,6.4,11,0.50,76366.531250,0,2.1,0.0,0.0,0.0,0.0,0.0,0.0,0.0,1.0
121264,0,1,3400,-62,62,-397,8.2,11,0.50,135458.171875,0,2.1,0.0,0.0,8127.490234,0,0.0,0.0,0.0,1.0
121513,0,1,3400,-62,62,-399,9.9,11,0.50,91984.062500,0,2.1,0.0,0.0,0.0,0.0,0.0,0.0,0.0,1.0
121762,0,1,3400,-62,62,-399,8.9,11,0.50,120095.234375,0,2.1,0.0,0.0,0.0,0.0,0.0,0.0,0.0,1.0
122011,0,1,3400,-62,62,-394,13,11,0.50,133609.562500,0,2.1,0.0,0.0,0.0,0.0,0.0,0.0,0.0,1.0
122260,0,1,3400,-62,62,-394,12,11,0.55,101609.562500,0,2.1,0.0,0.0,12334.661133,0,0.0,0.0,0.0,1.0
122509,0,1,3400,-62,62,-402,9.7,10,0.50,136860.562500,0,2.1,0.0,0.0,0.0,0.0,0.0,0.0,0.0,1.0
122758,0,1,3400,-62,62,-407,10,11,0.50,107059.757812,0,2.1,0.0,0.0,0.0,0.0,0.0,0.0,0.0,1.0
123007,0,1,3400,-62,62,-400,7.4,10,0.50,80669.320312,0,2.1,0.0,0.0,0.0,0.0,0.0,0.0,0.0,1.0
123256,0,1,3400,-62,62,-400,12,11,0.66,124270.914062,2,2.1,0.0,0.0,8127.490234,0,0.0,0.0,0.0,1.0
123505,0,1,3400,-62,62,-405,14,11,0.66,85705.179688,0,2.1,0.0,0.0,0.0,0.0,0.0,0.0,0.0,1.0
123754,0,1,3400,-62,62,-402,9.7,11,0.50,146952.375000,0,2.1,0.0,0.0,0.0,0.0,0.0,0.0,0.0,1.0
124003,0,1,3400,-62,62,-393,10,11,0.50,112254.976562,0,2.1,0.0,0.0,0.0,0.0,0.0,0.0,0.0,1.0
124252,0,1,3400,-62,62,-393,11,11,0.50,132653.390625,0,2.1,0.0,0.0,12334.661133,0,0.0,0.0,0.0,1.0
124501,0,1,3400,-62,62,-400,8.6,11,0.50,86023.906250,0,2.1,0.0,0.0,0.0,0.0,0.0,0.0,0.0,1.0
124750,0,1,3400,-62,62,-403,11,11,0.50,106454.179688,0,2.1,0.0,0.0,0.0,0.0,0.0,0.0,0.0,1.0
124999,0,1,3400,-62,62,-402,10,11,0.50,76207.171875,0,2.1,0.0,0.0,0.0,0.0,0.0,0.0,0.0,1.0
125248,0,1,3400,-62,62,-401,10,11,0.50,129561.750000,0,2.1,0.0,186,0.0,0,0.0,0.0,0.0,1.0
125497,0,1,3400,-62,62,-403,11,11,0.50,102948.210938,0,2.1,0.0,0.0,12334.661133,0,0.0,0.0,0.0,1.0
125746,0,1,3400,-62,62,-404,9.1,11,0.50,128126.984375,0,2.1,0.0,0.0,0.0,0.0,0.0,0.0,0.0,1.0
125995,0,1,3400,-62,62,-399,11,11,0.50,130581.671875,0,2.1,0.0,0.0,0.0,0.0,0.0,0.0,0.0,1.0
126244,0,1,3400,-62,62,-402,9.6,11,0.50,151649.406250,0,2.1,0.0,0.0,12334.661133,0,0.0,0.0,0.0,1.0
126493,0,1,3400,-62,62,-404,12,11,0.50,106262.945312,0,2.1,0.0,0.0,0.0,0.0,0.0,0.0,0.0,1.0
126742,0,1,3400,-62,62,-402,12,11,0.65,80828.687500,0,2.1,0.0,0.0,0.0,0.0,0.0,0.0,0.0,1.0
126991,0,1,3400,-62,62,-405,9.6,11,0.50,74932.273438,0,2.1,0.0,0.0,0.0,0.0,0.0,0.0,0.0,1.0
127240,0,1,3400,-62,62,-399,9.1,11,0.50,143330.671875,0,2.1,0.0,0.0,12334.661133,0,0.0,0.0,0.0,1.0
127489,0,1,3400,-62,62,-402,9.4,11,0.50,101301.585938,0,2.1,0.0,0.0,0.0,0.0,0.0,0.0,0.0,1.0
127738,0,1,3400,-62,62,-402,13,11,0.60,202007.968750,2,2.1,0.0,0.0,0.0,0.0,0.0,0.0,0.0,1.0
127987,0,1,3400,-62,62,-400,12,11,0.50,103298.804688,0,2.1,0.0,0.0,0.0,0.0,0.0,0.0,0.0,1.0
128236,0,1,3400,-62,62,-402,12,11,0.50,85354.578125,0,2.1,0.040,0.0,15649.402344,0,0.0,0.0,0.0,1.0
128485,0,1,3400,-62,62,-398,12,11,0.50,95458.164062,0,2.1,0.0,0.0,0.0,0.0,0.0,0.0,0.0,1.0
128734,0,1,3400,-62,62,-399,3.5,11,0.50,59187.250000,0,2.1,0.0,0.0,0.0,0.0,0.0,0.0,0.0,1.0
128983,0,1,3400,-62,62,-401,9.2,11,0.50,271713.156250,0,2.1,0.0,0.0,0.0,0.0,0.0,0.0,0.0,1.0
129232,0,1,3400,-62,62,-405,10,11,0.50,100047.812500,0,2.1,0.0,186,0.0,0.0,0.0,0.0,0.0,1.0
129481,0,1,3400,-62,62,-405,8.6,11,0.50,116349.203125,0,2.1,0.0,0.0,8095.238281,0,0.0,0.0,0.0,1.0
129730,0,1,3400,-62,62,-394,11,11,0.50,145243.031250,0,2.1,0.0,0.0,0.0,0.0,0.0,0.0,0.0,1.0
129979,0,1,3400,-62,62,-400,8.7,11,0.52,78438.250000,0,2.1,0.0,0.0,0.0,0.0,0.0,0.0,0.0,1.0
130228,0,1,3400,-62,62,-403,12,11,0.60,101290.835938,0,2.1,0.0,186,0.0,0,0.0,0.0,0.0,1.0
130477,0,1,3400,-62,62,-400,13,11,0.60,111776.890625,0,2.1,0.0,0.0,12334.661133,0,0.0,0.0,0.0,1.0
130726,0,1,3400,-62,62,-402,11,11,0.50,74868.523438,0,2.1,0.0,0.0,0.0,0.0,0.0,0.0,0.0,1.0
130975,0,1,3400,-62,62,-402,9.4,11,0.50,129306.773438,0,2.1,0.0,0.0,0.0,0.0,0.0,0.0,0.0,1.0
131224,0,1,3400,-62,62,-398,9.0,11,0.50,132952.375000,0,2.1,0.0,186,0.0,0,0.0,0.0,0.0,1.0
131473,0,1,3400,-62,62,-400,11,11,0.50,104573.703125,0,2.1,0.0,0.0,8127.490234,0,0.0,0.0,0.0,1.0
131722,0,1,3400,-62,62,-401,7.8,10,0.50,146964.140625,0,2.1,0.0,0.0,0.0,0.0,0.0,0.0,0.0,1.0
131971,0,1,3400,-62,62,-399,9.9,11,0.50,133673.312500,0,2.1,0.0,0.0,0.0,0.0,0.0,0.0,0.0,1.0
132220,0,1,3400,-62,62,-403,13,11,0.63,119394.421875,0,2.1,0.0,186,0.0,0,0.0,0.0,0.0,1.0
132469,0,1,3400,-62,62,-401,10,11,0.50,137976.093750,0,2.1,0.0,0.0,8127.490234,0,0.0,0.0,0.0,1.0
132718,0,1,3400,-62,62,-397,13,10,0.50,146231.078125,0,2.1,0.0,0.0,5513.944336,0,0.0,0.0,0.0,1.0
132967,0,1,3400,-62,62,-408,10,10,0.50,126183.265625,0,2.1,0.0,0.0,0.0,0.0,0.0,0.0,0.0,1.0
133216,0,1,3400,-62,62,-408,11,11,0.50,148793.656250,0,2.1,0.0,0.0,12285.713867,0,0.0,0.0,0.0,1.0
133465,0,1,3400,-62,62,-401,10,11,0.50,170326.687500,0,2.1,0.0,0.0,0.0,0.0,0.0,0.0,0.0,1.0
133714,0,1,3400,-62,62,-398,12,11,0.50,149832.671875,0,2.1,0.0,0.0,0.0,0.0,0.0,0.0,0.0,1.0
133963,0,1,3400,-62,62,-407,7.9,11,0.50,118183.265625,0,2.1,0.0,0.0,0.0,0.0,0.0,0.0,0.0,1.0
134212,0,1,3400,-62,62,-402,7.0,11,0.50,120733.070312,0,2.1,0.0,0.0,12334.661133,0,0.0,0.0,0.0,1.0
134461,0,1,3400,-62,62,-397,12,11,0.55,109386.453125,0,2.1,0.0,0.0,0.0,0.0,0.0,0.0,0.0,1.0
134710,0,1,3400,-62,62,-400,13,11,0.50,122613.546875,0,2.1,0.0,0.0,0.0,0.0,0.0,0.0,0.0,1.0
134959,0,1,3400,-62,62,-403,13,11,0.50,106603.171875,0,2.1,0.0,0.0,0.0,0.0,0.0,0.0,0.0,1.0
135208,0,1,3400,-62,62,-403,13,11,0.56,127426.296875,0,2.1,0.0,0.0,8127.490234,0,0.0,0.0,0.0,1.0
135457,0,1,3400,-62,62,-405,13,11,0.64,127298.804688,0,2.1,0.0,0.0,0.0,0.0,0.0,0.0,0.0,1.0
135706,0,1,3400,-62,62,-402,11,11,0.50,74549.804688,0,2.1,0.0,0.0,0.0,0.0,0.0,0.0,0.0,1.0
135955,0,1,3400,-62,62,-399,12,11,0.50,108780.875000,0,2.1,0.0,0.0,0.0,0.0,0.0,0.0,0.0,1.0
136204,0,1,3400,-62,62,-401,11,11,0.50,114486.054688,0,2.1,0.0,0.0,12334.661133,0,0.0,0.0,0.0,1.0
136453,0,1,3400,-62,62,-399,11,11,0.50,95872.507812,0,2.1,0.0,0.0,0.0,0.0,0.0,0.0,0.0,1.0
136702,0,1,3400,-62,62,-400,13,11,0.50,126725.101562,0,2.1,0.0,0.0,0.0,0.0,0.0,0.0,0.0,1.0
136951,0,1,3400,-62,62,-403,12,10,0.50,146158.734375,0,2.1,0.0,0.0,0.0,0.0,0.0,0.0,0.0,1.0
137200,0,1,3400,-62,62,-400,13,11,0.50,47362.550781,0,2.1,0.0,0.0,8127.490234,0,0.0,0.0,0.0,1.0
137449,0,1,3400,-62,62,-401,9.3,11,0.50,95553.781250,0,2.1,0.0,0.0,0.0,0.0,0.0,0.0,0.0,1.0
137698,0,1,3400,-62,62,-406,11,11,0.50,116749.007812,0,2.1,0.0,0.0,0.0,0.0,0.0,0.0,0.0,1.0
137947,0,1,3400,-62,62,-406,13,11,0.50,58581.671875,0,2.1,0.0,0.0,0.0,0.0,0.0,0.0,0.0,1.0
138196,0,1,3400,-62,62,-399,9.6,11,0.50,116079.679688,0,2.1,0.0,186,0.0,0.0,0.0,0.0,0.0,1.0
138445,0,1,3400,-62,62,-402,6.4,10,0.50,106167.328125,0,2.1,0.0,0.0,8127.490234,0,0.0,0.0,0.0,1.0
138694,0,1,3400,-62,62,-400,13,11,0.64,119808.765625,0,2.1,0.0,0.0,0.0,0.0,0.0,0.0,0.0,1.0
138943,0,1,3400,-62,62,-400,9.7,11,0.52,91365.078125,0,2.1,0.0,0.0,0.0,0.0,0.0,0.0,0.0,1.0
139192,0,1,3400,-62,62,-402,12,11,0.52,123569.718750,0,2.1,0.0,186,0.0,0.0,0.0,0.0,0.0,1.0
139441,0,1,3400,-62,62,-399,6.1,11,0.50,164780.875000,0,2.1,0.0,0.0,8127.490234,0,0.0,0.0,0.0,1.0
139690,0,1,3400,-62,62,-403,13,11,0.50,137848.609375,0,2.1,0.0,0.0,0.0,0.0,0.0,0.0,0.0,1.0
139939,0,1,3400,-62,62,-403,10.0,11,0.50,106517.929688,0,2.1,0.0,0.0,0.0,0.0,0.0,0.0,0.0,1.0
140188,0,1,3400,-62,62,-395,7.7,11,0.50,64063.746094,0,2.1,0.0,0.0,12334.661133,0,0.0,0.0,0.0,1.0
140437,0,1,3400,-62,62,-395,12,11,0.50,142852.593750,0,2.1,0.0,0.0,0.0,0.0,0.0,0.0,0.0,1.0
140686,0,1,3400,-62,62,-404,13,11,0.72,89301.585938,6,2.1,0.0,0.0,0.0,0.0,0.0,0.0,0.0,1.0
140935,0,1,3400,-62,62,-403,10,11,0.50,122772.906250,0,2.1,0.0,0.0,0.0,0.0,0.0,0.0,0.0,1.0
141184,0,1,3400,-62,62,-402,13,11,0.51,142852.593750,0,2.1,0.0,0.0,8127.490234,0,0.0,0.0,0.0,1.0
141433,0,1,3400,-62,62,-405,13,10,0.50,151713.140625,0,2.1,0.0,0.0,0.0,0.0,0.0,0.0,0.0,1.0
141682,0,1,3400,-62,62,-399,9.9,11,0.56,137274.906250,0,2.1,0.0,0.0,0.0,0.0,0.0,0.0,0.0,1.0
141931,0,1,3400,-62,62,-396,13,11,0.57,111330.679688,0,2.1,0.0,0.0,0.0,0.0,0.0,0.0,0.0,1.0
142180,0,1,3400,-62,62,-395,9.8,11,0.50,127968.125000,0,2.1,0.0,186,0.0,0.0,0.0,0.0,0.0,1.0
142429,0,1,3400,-62,62,-397,9.7,11,0.50,177142.859375,0,2.1,0.0,0.0,8095.238281,0,0.0,0.0,0.0,1.0
142678,0,1,3400,-62,62,-407,13,11,0.50,105657.367188,0,2.1,0.0,0.0,0.0,0.0,0.0,0.0,0.0,1.0
142927,0,1,3400,-62,62,-401,11,11,0.50,124143.429688,0,2.1,0.0,0.0,0.0,0.0,0.0,0.0,0.0,1.0
143176,0,1,3400,-62,62,-400,10,11,0.50,144446.218750,0,2.1,0.0,0.0,12334.661133,0,0.0,0.0,0.0,1.0
143425,0,1,3400,-62,62,-406,9.6,11,0.50,153880.484375,0,2.1,0.0,0.0,0.0,0.0,0.0,0.0,0.0,1.0
143674,0,1,3400,-62,62,-403,11,11,0.50,133513.937500,0,2.1,0.0,0.0,0.0,0.0,0.0,0.0,0.0,1.0
143923,0,1,3400,-62,62,-404,13,11,0.50,137211.156250,0,2.1,0.0,0.0,0.0,0.0,0.0,0.0,0.0,1.0
144172,0,1,3400,-62,62,-401,13,11,0.51,96350.593750,0,2.1,0.0,186,0.0,0.0,0.0,0.0,0.0,1.0
144421,0,1,3400,-62,62,-406,14,11,0.56,147027.890625,0,2.1,0.0,0.0,12334.661133,0,0.0,0.0,0.0,1.0
144670,0,1,3400,-62,62,-402,12,11,0.87,134063.484375,2,2.1,0.0,0.0,0.0,0.0,0.0,0.0,0.0,1.0
144919,0,1,3400,-62,62,-403,11,11,0.50,143840.640625,0,2.1,0.0,0.0,0.0,0.0,0.0,0.0,0.0,1.0
145168,0,1,3400,-62,62,-409,6.6,11,0.50,121625.500000,0,2.1,0.0,0.0,8127.490234,0,0.0,0.0,0.0,1.0
145417,0,1,3400,-62,62,-407,9.4,10,0.50,108430.281250,0,2.1,0.0,0.0,0.0,0.0,0.0,0.0,0.0,1.0
145666,0,1,3400,-62,62,-396,10,11,0.50,101163.343750,0,2.1,0.0,0.0,0.0,0.0,0.0,0.0,0.0,1.0
145915,0,1,3400,-62,62,-401,13,11,0.50,106167.328125,0,2.1,0.0,0.0,0.0,0.0,0.0,0.0,0.0,1.0
146164,0,1,3400,-62,62,-403,10,11,0.50,96733.070312,0,2.1,0.0,0.0,12334.661133,0,0.0,0.0,0.0,1.0
146413,0,1,3400,-62,62,-402,8.3,11,0.50,73079.367188,0,2.1,0.0,0.0,0.0,0.0,0.0,0.0,0.0,1.0
146662,0,1,3400,-62,62,-399,6.4,11,0.50,112127.492188,0,2.1,0.0,0.0,0.0,0.0,0.0,0.0,0.0,1.0
146911,0,1,3400,-62,62,-398,12,11,0.52,90103.585938,0,2.1,0.0,0.0,0.0,0.0,0.0,0.0,0.0,1.0
147160,0,1,3400,-62,62,-398,15,11,0.74,79139.445312,4,2.1,0.0,186,0.0,0,0.0,0.0,0.0,1.0
147409,0,1,3400,-62,62,-402,11,11,0.52,131824.703125,0,2.1,0.0,0.0,12334.661133,0,0.0,0.0,0.0,1.0
147658,0,1,3400,-62,62,-399,9.6,11,0.50,100876.492188,0,2.1,0.0,0.0,0.0,0.0,0.0,0.0,0.0,1.0
147907,0,1,3400,-62,62,-401,12,11,0.50,79649.406250,0,2.1,0.0,0.0,0.0,0.0,0.0,0.0,0.0,1.0
148156,0,1,3400,-62,62,-407,9.3,11,0.50,130603.171875,0,2.1,0.0,0.0,12285.713867,0,0.0,0.0,0.0,1.0
148405,0,1,3400,-62,62,-405,11,10,0.50,162039.843750,0,2.1,0.0,0.0,0.0,0.0,0.0,0.0,0.0,1.0
148654,0,1,3400,-62,62,-400,12,11,0.50,114422.312500,0,2.1,0.0,0.0,0.0,0.0,0.0,0.0,0.0,1.0
148903,0,1,3400,-62,62,-403,13,11,0.67,150374.500000,0,2.1,0.0,0.0,0.0,0.0,0.0,0.0,0.0,1.0
149152,0,1,3400,-62,62,-407,12,11,0.54,90167.328125,0,2.1,0.0,186,0.0,0.0,0.0,0.0,0.0,1.0
149401,0,1,3400,-62,62,-400,11,11,0.80,107346.617188,1,2.1,0.0,0.0,8127.490234,0,0.0,0.0,0.0,1.0
149650,0,1,3400,-62,62,-402,2.8,11,0.50,125322.710938,0,2.1,0.0,0.0,0.0,0.0,0.0,0.0,0.0,1.0
149899,0,1,3400,-62,62,-408,10,11,0.50,171682.546875,0,2.1,0.0,0.0,0.0,0.0,0.0,0.0,0.0,1.0
150148,0,1,3400,-62,62,-405,10,11,0.50,114358.562500,0,2.1,0.0,186,0.0,0,0.0,0.0,0.0,1.0
150397,0,1,3400,-62,62,-402,12,11,0.50,85035.859375,0,2.1,0.0,0.0,8127.490234,0,0.0,0.0,0.0,1.0
150646,0,1,3400,-62,62,-403,13,11,0.66,79298.804688,0,2.1,0.0,0.0,0.0,0.0,0.0,0.0,0.0,1.0
150895,0,1,3400,-62,62,-408,8.0,11,0.50,133928.281250,0,2.1,0.0,0.0,0.0,0.0,0.0,0.0,0.0,1.0
151144,0,1,3400,-62,62,-407,12,11,0.50,107314.742188,0,2.1,0.0,0.0,12334.661133,0,0.0,0.0,0.0,1.0
151393,0,1,3400,-62,62,-403,9.6,11,0.50,140589.640625,0,2.1,0.0,0.0,0.0,0.0,0.0,0.0,0.0,1.0
151642,0,1,3400,-62,62,-407,8.8,11,0.50,131301.593750,0,2.1,0.0,0.0,0.0,0.0,0.0,0.0,0.0,1.0
151891,0,1,3400,-62,62,-402,11,11,0.55,79968.125000,0,2.1,0.0,0.0,0.0,0.0,0.0,0.0,0.0,1.0
152140,0,1,3400,-62,62,-400,9.3,11,0.50,132940.234375,0,2.1,0.0,0.0,12334.661133,0,0.0,0.0,0.0,1.0
152389,0,1,3400,-62,62,-405,11,11,0.50,75665.335938,0,2.1,0.0,0.0,0.0,0.0,0.0,0.0,0.0,1.0
152638,0,1,3400,-62,62,-406,9.8,10,0.50,119426.296875,0,2.1,0.0,0.0,0.0,0.0,0.0,0.0,0.0,1.0
152887,0,1,3400,-62,62,-408,11,11,0.50,122836.656250,0,2.1,0.0,0.0,0.0,0.0,0.0,0.0,0.0,1.0
153136,0,1,3400,-62,62,-399,13,11,0.50,74358.562500,0,2.1,0.0,0.0,8127.490234,0,0.0,0.0,0.0,1.0
153385,0,1,3400,-62,62,-398,12,10,0.50,125673.304688,0,2.1,0.0,0.0,0.0,0.0,0.0,0.0,0.0,1.0
153634,0,1,3400,-62,62,-402,12,10,0.50,141904.765625,0,2.1,0.0,0.0,0.0,0.0,0.0,0.0,0.0,1.0
153883,0,1,3400,-62,62,-406,10,11,0.50,119330.679688,0,2.1,0.0,0.0,0.0,0.0,0.0,0.0,0.0,1.0
154132,0,1,3400,-62,62,-400,13,11,0.53,121529.882812,0,2.1,0.0,0.0,12334.661133,0,0.0,0.0,0.0,1.0
154381,0,1,3400,-62,62,-401,10,11,0.50,107091.632812,0,2.1,0.0,0.0,0.0,0.0,0.0,0.0,0.0,1.0
154630,0,1,3400,-62,62,-403,13,11,0.55,69322.710938,4,2.1,0.0,0.0,0.0,0.0,0.0,0.0,0.0,1.0
154879,0,1,3400,-62,62,-401,10,11,0.52,117290.835938,0,2.1,0.0,0.0,0.0,0.0,0.0,0.0,0.0,1.0
155128,0,1,3400,-62,62,-401,6.1,11,0.50,139378.484375,0,2.1,0.0,0.0,8127.490234,0,0.0,0.0,0.0,1.0
155377,0,1,3400,-62,62,-400,8.6,11,0.50,121079.367188,0,2.1,0.0,0.0,0.0,0.0,0.0,0.0,0.0,1.0
155626,0,1,3400,-62,62,-401,12,11,0.50,89816.734375,0,2.1,0.0,0.0,0.0,0.0,0.0,0.0,0.0,1.0
155875,0,1,3400,-62,62,-399,11,11,0.50,90677.289062,0,2.1,0.0,0.0,0.0,0.0,0.0,0.0,0.0,1.0
156124,0,1,3400,-62,62,-400,7.4,11,0.50,61258.964844,0,2.1,0.0,186,0.0,0.0,0.0,0.0,0.0,1.0
156373,0,1,3400,-62,62,-409,7.7,11,0.52,83697.210938,0,2.1,0.0,0.0,12334.661133,0,0.0,0.0,0.0,1.0
156622,0,1,3400,-62,62,-408,11,10,0.55,98517.929688,0,2.1,0.0,0.0,0.0,0.0,0.0,0.0,0.0,1.0
156871,0,1,3400,-62,62,-407,10,11,0.52,101099.601562,0,2.1,0.0,0.0,5513.944336,0,0.0,0.0,0.0,1.0
157120,0,1,3400,-62,62,-407,11,11,0.51,105365.078125,0,2.1,0.0,0.0,12285.713867,0,0.0,0.0,0.0,1.0
157369,0,1,3400,-62,62,-403,9.7,11,0.50,102629.484375,0,2.1,0.0,0.0,0.0,0.0,0.0,0.0,0.0,1.0
157618,0,1,3400,-62,62,-400,11,11,0.50,80509.960938,0,2.1,0.0,0.0,0.0,0.0,0.0,0.0,0.0,1.0
157867,0,1,3400,-62,62,-404,10,11,0.50,80223.109375,0,2.1,0.0,0.0,0.0,0.0,0.0,0.0,0.0,1.0
158116,0,1,3400,-62,62,-413,9.3,11,0.50,82262.945312,0,2.1,0.0,0.0,12334.661133,0,0.0,0.0,0.0,1.0
158365,0,1,3400,-62,62,-410,11,11,0.50,127458.164062,0,2.1,0.0,0.0,0.0,0.0,0.0,0.0,0.0,1.0
158614,0,1,3400,-62,62,-398,6.9,11,0.50,133577.687500,0,2.1,0.0,0.0,0.0,0.0,0.0,0.0,0.0,1.0
158863,0,1,3400,-62,62,-398,8.5,11,0.50,113619.046875,0,2.1,0.0,0.0,0.0,0.0,0.0,0.0,0.0,1.0
159112,0,1,3400,-62,62,-399,12,11,0.51,112254.976562,0,2.1,0.0,186,0.0,0,0.0,0.0,0.0,1.0
159361,0,1,3400,-62,62,-404,8.6,11,0.50,108111.554688,0,2.1,0.0,0.0,12334.661133,0,0.0,0.0,0.0,1.0
159610,0,1,3400,-62,62,-401,12,11,0.53,148780.875000,0,2.1,0.0,0.0,0.0,0.0,0.0,0.0,0.0,1.0
159859,0,1,3400,-62,62,-398,13,11,0.51,107091.632812,0,2.1,0.0,0.0,0.0,0.0,0.0,0.0,0.0,1.0
160108,0,1,3400,-62,62,-403,13,11,0.50,100749.007812,0,2.1,0.0,0.0,8127.490234,0,0.0,0.0,0.0,1.0
160357,0,1,3400,-62,62,-397,13,11,0.55,106039.843750,0,2.1,0.0,0.0,0.0,0.0,0.0,0.0,0.0,1.0
160606,0,1,3400,-62,62,-401,12,11,0.50,127904.382812,0,2.1,0.0,0.0,0.0,0.0,0.0,0.0,0.0,1.0
160855,0,1,3400,-62,62,-411,12,10,0.60,95714.289062,0,2.1,0.0,0.0,0.0,0.0,0.0,0.0,0.0,1.0
161104,0,1,3400,-62,62,-411,12,11,0.60,147952.187500,0,2.1,0.0,0.0,12334.661133,0,0.0,0.0,0.0,1.0
161353,0,1,3400,-62,62,-405,13,11,0.54,105944.226562,0,2.1,0.0,0.0,0.0,0.0,0.0,0.0,0.0,1.0
161602,0,1,3400,-62,62,-402,14,11,0.76,137019.921875,0,2.1,0.0,0.0,0.0,0.0,0.0,0.0,0.0,1.0
161851,0,1,3400,-62,62,-405,11,11,0.50,191585.656250,0,2.1,0.0,0.0,0.0,0.0,0.0,0.0,0.0,1.0
162100,0,1,3400,-62,62,-402,11,11,0.50,131091.640625,0,2.1,0.77,0.0,3474.103516,50,0.0,0.0,0.0,1.0
162349,0,1,3400,-62,62,-393,10,11,0.50,147697.218750,0,2.1,0.048,0.0,6948.207031,20,0.0,0.0,0.0,1.0
162598,0,1,3400,-62,62,-394,12,11,0.70,114857.140625,0,2.1,0.0,0.0,0.0,0.0,0.0,0.0,0.0,1.0
162847,0,1,3400,-62,62,-395,13,11,0.50,119330.679688,0,2.1,0.0,0.0,0.0,0.0,0.0,0.0,0.0,1.0
163096,0,1,3400,-62,62,-400,6.5,11,0.50,117163.343750,0,2.1,0.0,186,0.0,0,0.0,0.0,0.0,1.0
163345,0,1,3400,-62,62,-403,7.9,11,0.50,112988.046875,0,2.1,0.0,0.0,8127.490234,0,0.0,0.0,0.0,1.0
163594,0,1,3400,-62,62,-408,6.8,11,0.50,187442.234375,0,2.1,0.0,0.0,0.0,0.0,0.0,0.0,0.0,1.0
163844,0,1,3400,-62,62,-404,9.1,11,0.54,128956.171875,0,2.1,0.0,0.0,0.0,0.0,0.0,0.0,0.0,1.0
164093,0,1,3400,-62,62,-404,7.8,11,0.50,110215.140625,0,2.1,0.0,0.0,8127.490234,0,0.0,0.0,0.0,1.0
164342,0,1,3400,-62,62,-411,14,11,0.75,188793.656250,0,2.1,0.0,0.0,0.0,0.0,0.0,0.0,0.0,1.0
164591,0,1,3400,-62,62,-406,9.0,10,0.50,143904.375000,0,2.1,0.0,0.0,0.0,0.0,0.0,0.0,0.0,1.0
164840,0,1,3400,-62,62,-396,10,11,0.50,91633.468750,0,2.1,0.0,0.0,0.0,0.0,0.0,0.0,0.0,1.0
165089,0,1,3400,-62,62,-399,10,10,0.60,85577.687500,3,2.1,0.0,0.0,8127.490234,0,0.0,0.0,0.0,1.0
165338,0,1,3400,-62,62,-404,9.0,11,0.50,96254.976562,0,2.1,0.0,0.0,0.0,0.0,0.0,0.0,0.0,1.0
165587,0,1,3400,-62,62,-401,9.5,11,0.50,106772.906250,0,2.1,0.0,0.0,0.0,0.0,0.0,0.0,0.0,1.0
165836,0,1,3400,-62,62,-401,12,11,0.50,117195.218750,0,2.1,0.0,0.0,0.0,0.0,0.0,0.0,0.0,1.0
166085,0,1,3400,-62,62,-407,9.5,11,0.56,107250.992188,0,2.1,0.0,0.0,8127.490234,0,0.0,0.0,0.0,1.0
166334,0,1,3400,-62,62,-407,12,11,0.50,111269.843750,0,2.1,0.0,0.0,0.0,0.0,0.0,0.0,0.0,1.0
166583,0,1,3400,-62,62,-409,12,11,0.50,116717.132812,0,2.1,0.0,0.0,0.0,0.0,0.0,0.0,0.0,1.0
166832,0,1,3400,-62,62,-404,10,11,0.50,118023.906250,0,2.1,0.0,0.0,0.0,0.0,0.0,0.0,0.0,1.0
167081,0,1,3400,-62,62,-396,7.4,11,0.51,118533.867188,0,2.1,0.0,0.0,8127.490234,0,0.0,0.0,0.0,1.0
167330,0,1,3400,-62,62,-398,9.1,10,0.50,115952.187500,0,2.1,0.0,0.0,0.0,0.0,0.0,0.0,0.0,1.0
167579,0,1,3400,-62,62,-398,13,11,0.53,124749.007812,0,2.1,0.0,0.0,0.0,0.0,0.0,0.0,0.0,1.0
167828,0,1,3400,-62,62,-399,11,11,0.53,180175.296875,0,2.1,0.0,0.0,0.0,0.0,0.0,0.0,0.0,1.0
168077,0,1,3400,-62,62,-410,11,11,0.57,74571.429688,0,2.1,0.0,186,0.0,0.0,0.0,0.0,0.0,1.0
168326,0,1,3400,-62,62,-407,11,11,0.50,138358.562500,0,2.1,0.0,0.0,8127.490234,0,0.0,0.0,0.0,1.0
168575,0,1,3400,-62,62,-401,10,10,0.50,108398.406250,0,2.1,0.0,0.0,0.0,0.0,0.0,0.0,0.0,1.0
168824,0,1,3400,-62,62,-400,11,11,0.53,89338.648438,0,2.1,0.0,0.0,0.0,0.0,0.0,0.0,0.0,1.0
169073,0,1,3400,-62,62,-403,12,10,0.69,132302.781250,0,2.1,0.0,0.0,12334.661133,0,0.0,0.0,0.0,1.0
169322,0,1,3400,-62,62,-410,8.4,11,0.50,128924.304688,0,2.1,0.0,0.0,0.0,0.0,0.0,0.0,0.0,1.0
169571,0,1,3400,-62,62,-406,12,11,0.56,123904.765625,0,2.1,0.0,0.0,0.0,0.0,0.0,0.0,0.0,1.0
169820,0,1,3400,-62,62,-403,9.9,11,0.50,147123.500000,0,2.1,0.0,0.0,0.0,0.0,0.0,0.0,0.0,1.0
170069,0,1,3400,-62,62,-401,12,11,0.50,96414.343750,0,2.1,0.0,186,0.0,0.0,0.0,0.0,0.0,1.0
170318,0,1,3400,-62,62,-405,11,11,0.50,103426.296875,0,2.1,0.0,0.0,12334.661133,0,0.0,0.0,0.0,1.0
170567,0,1,3400,-62,62,-403,13,11,0.58,114581.671875,0,2.1,0.0,0.0,0.0,0.0,0.0,0.0,0.0,1.0
170816,0,1,3400,-62,62,-399,16,11,0.79,89721.117188,0,2.1,0.0,0.0,0.0,0.0,0.0,0.0,0.0,1.0
171065,0,1,3400,-62,62,-393,9.3,11,0.50,127968.125000,0,2.1,0.0,0.0,12334.661133,0,0.0,0.0,0.0,1.0
171314,0,1,3400,-62,62,-398,7.1,11,0.50,100079.679688,0,2.1,0.0,0.0,0.0,0.0,0.0,0.0,0.0,1.0
171563,0,1,3400,-62,62,-409,12,11,0.50,95266.929688,0,2.1,0.0,0.0,0.0,0.0,0.0,0.0,0.0,1.0
171812,0,1,3400,-62,62,-404,11,10,0.50,101873.015625,0,2.1,0.0,0.0,0.0,0.0,0.0,0.0,0.0,1.0
172061,0,1,3400,-62,62,-400,11,11,0.50,100780.875000,0,2.1,0.0,186,0.0,0.0,0.0,0.0,0.0,1.0
172310,0,1,3400,-62,62,-409,11,11,0.52,111968.125000,0,2.1,0.0,0.0,8127.490234,0,0.0,0.0,0.0,1.0
172559,0,1,3400,-62,62,-402,10,11,0.50,96223.109375,0,2.1,0.0,0.0,0.0,0.0,0.0,0.0,0.0,1.0
172808,0,1,3400,-62,62,-405,12,11,0.50,154199.203125,0,2.1,0.0,0.0,0.0,0.0,0.0,0.0,0.0,1.0
173057,0,1,3400,-62,62,-406,11,11,0.50,95840.640625,0,2.1,0.0,0.0,8127.490234,0,0.0,0.0,0.0,1.0
173306,0,1,3400,-62,62,-402,9.9,11,0.50,145777.781250,0,2.1,0.0,0.0,0.0,0.0,0.0,0.0,0.0,1.0
173555,0,1,3400,-62,62,-401,11,11,0.52,127426.296875,0,2.1,0.0,0.0,0.0,0.0,0.0,0.0,0.0,1.0
173804,0,1,3400,-62,62,-404,13,11,0.64,111171.312500,0,2.1,0.0,0.0,0.0,0.0,0.0,0.0,0.0,1.0
174053,0,1,3400,-62,62,-412,8.8,11,0.50,117290.835938,0,2.1,0.0,0.0,8127.490234,0,0.0,0.0,0.0,1.0
174302,0,1,3400,-62,62,-405,12,11,0.50,170262.953125,0,2.1,0.0,0.0,0.0,0.0,0.0,0.0,0.0,1.0
174551,0,1,3400,-62,62,-396,11,11,0.50,173131.468750,0,2.1,0.0,0.0,0.0,0.0,0.0,0.0,0.0,1.0
174800,0,1,3400,-62,62,-398,5.8,11,0.50,133705.171875,0,2.1,0.0,0.0,0.0,0.0,0.0,0.0,0.0,1.0
175049,0,1,3400,-62,62,-401,10,11,0.50,122071.710938,0,2.1,0.0,0.0,12334.661133,0,0.0,0.0,0.0,1.0
175298,0,1,3400,-62,62,-404,8.3,11,0.50,95333.335938,0,2.1,0.0,0.0,0.0,0.0,0.0,0.0,0.0,1.0
175547,0,1,3400,-62,62,-407,6.1,11,0.50,70597.609375,0,2.1,0.0,0.0,0.0,0.0,0.0,0.0,0.0,1.0
175796,0,1,3400,-62,62,-402,10,11,0.50,119713.148438,0,2.1,0.0,0.0,0.0,0.0,0.0,0.0,0.0,1.0
176045,0,1,3400,-62,62,-406,10,11,0.56,110533.867188,2,2.1,0.0,0.0,8127.490234,0,0.0,0.0,0.0,1.0
176294,0,1,3400,-62,62,-403,9.4,11,0.50,117609.562500,0,2.1,0.0,0.0,0.0,0.0,0.0,0.0,0.0,1.0
176543,0,1,3400,-62,62,-399,9.7,11,0.50,154709.156250,0,2.1,0.0,0.0,0.0,0.0,0.0,0.0,0.0,1.0
176792,0,1,3400,-62,62,-405,8.7,11,0.50,136095.625000,0,2.1,0.0,0.0,0.0,0.0,0.0,0.0,0.0,1.0
177041,0,1,3400,-62,62,-404,11,11,0.53,91111.109375,0,2.1,0.0,0.0,8095.238281,0,0.0,0.0,0.0,1.0
177290,0,1,3400,-62,62,-399,8.8,11,0.54,70406.375000,0,2.1,0.0,0.0,0.0,0.0,0.0,0.0,0.0,1.0
177539,0,1,3400,-62,62,-404,16,11,0.83,111043.828125,3,2.1,0.0,0.0,0.0,0.0,0.0,0.0,0.0,1.0
177788,0,1,3400,-62,62,-404,18,11,1.7,96095.617188,11,2.1,0.0,0.0,0.0,0.0,0.0,0.0,0.0,1.0
178037,0,1,3400,-62,62,-395,9.2,11,0.50,93003.984375,0,2.1,2.4,0.0,18231.076172,0,0.0,0.0,0.0,1.0
178286,0,1,3400,-62,62,-402,13,10,0.50,88063.742188,0,2.1,0.0,0.0,0.0,0.0,0.0,0.0,0.0,1.0
178535,0,1,3400,-62,62,-409,13,11,0.56,93099.601562,0,2.1,0.0,0.0,0.0,0.0,0.0,0.0,0.0,1.0
178784,0,1,3400,-62,62,-404,12,11,0.54,148653.390625,0,2.1,0.0,0.0,0.0,0.0,0.0,0.0,0.0,1.0
179033,0,1,3400,-62,62,-404,11,11,0.50,113460.320312,0,2.1,0.0,0.0,12285.713867,0,0.0,0.0,0.0,1.0
179282,0,1,3400,-62,62,-407,7.5,11,0.50,106326.695312,0,2.1,0.0,0.0,0.0,0.0,0.0,0.0,0.0,1.0
179531,0,1,3400,-62,62,-404,9.7,10,0.53,114262.945312,0,2.1,0.0,0.0,0.0,0.0,0.0,0.0,0.0,1.0
179780,0,1,3400,-62,62,-397,12,11,0.54,78948.210938,0,2.1,0.0,0.0,0.0,0.0,0.0,0.0,0.0,1.0
180029,0,1,3400,-62,62,-405,9.8,11,0.54,144573.703125,0,2.1,0.0,0.0,8127.490234,0,0.0,0.0,0.0,1.0
180278,0,1,3400,-62,62,-404,6.1,11,0.50,125322.710938,0,2.1,0.0,0.0,0.0,0.0,0.0,0.0,0.0,1.0
180527,0,1,3400,-62,62,-404,9.3,11,0.58,138772.906250,0,2.1,0.0,0.0,0.0,0.0,0.0,0.0,0.0,1.0
180776,0,1,3400,-62,62,-404,9.2,11,0.50,123301.585938,0,2.1,0.0,0.0,0.0,0.0,0.0,0.0,0.0,1.0
181025,0,1,3400,-62,62,-407,13,11,0.57,106709.164062,0,2.1,0.0,0.0,12334.661133,0,0.0,0.0,0.0,1.0
181274,0,1,3400,-62,62,-403,12,11,0.58,116685.257812,0,2.1,0.0,0.0,0.0,0.0,0.0,0.0,0.0,1.0
181523,0,1,3400,-62,62,-398,12,11,0.50,116749.007812,0,2.1,0.0,0.0,0.0,0.0,0.0,0.0,0.0,1.0
181772,0,1,3400,-62,62,-401,13,11,0.62,168414.343750,0,2.1,0.0,0.0,0.0,0.0,0.0,0.0,0.0,1.0
182021,0,1,3400,-62,62,-405,12,11,0.69,96924.304688,0,2.1,0.0,0.0,12334.661133,0,0.0,0.0,0.0,1.0
182270,0,1,3400,-62,62,-410,15,11,0.61,81944.226562,4,2.1,0.0,0.0,0.0,0.0,0.0,0.0,0.0,1.0
182519,0,1,3400,-62,62,-398,15,11,0.66,57523.808594,0,2.1,0.0,0.0,0.0,0.0,0.0,0.0,0.0,1.0
182768,0,1,3400,-62,62,-398,13,11,0.50,121561.750000,0,2.1,0.0,0.0,0.0,0.0,0.0,0.0,0.0,1.0
183017,0,1,3400,-62,62,-403,10,11,0.50,122836.656250,0,2.1,0.0,0.0,12334.661133,0,0.0,0.0,0.0,1.0
183266,0,1,3400,-62,62,-406,11,11,0.50,102119.523438,0,2.1,0.0,0.0,0.0,0.0,0.0,0.0,0.0,1.0
183515,0,1,3400,-62,62,-402,13,11,0.50,111521.914062,0,2.1,0.0,0.0,0.0,0.0,0.0,0.0,0.0,1.0
183764,0,1,3400,-62,62,-408,11,11,0.54,105529.882812,2,2.1,0.0,0.0,0.0,0.0,0.0,0.0,0.0,1.0
184013,0,1,3400,-62,62,-406,12,11,0.50,123697.210938,0,2.1,0.0,186,0.0,0.0,0.0,0.0,0.0,1.0
184262,0,1,3400,-62,62,-407,12,11,0.50,95047.617188,0,2.1,0.0,0.0,12285.713867,0,0.0,0.0,0.0,1.0
184511,0,1,3400,-62,62,-406,12,10,0.50,92844.625000,0,2.1,0.0,0.0,0.0,0.0,0.0,0.0,0.0,1.0
184760,0,1,3400,-62,62,-407,11,11,0.50,100175.296875,0,2.1,0.0,0.0,0.0,0.0,0.0,0.0,0.0,1.0
185009,0,1,3400,-62,62,-402,8.6,11,0.52,93705.179688,0,2.1,0.0,0.0,8127.490234,0,0.0,0.0,0.0,1.0
185258,0,1,3400,-62,62,-398,6.7,11,0.50,148494.031250,0,2.1,0.0,0.0,0.0,0.0,0.0,0.0,0.0,1.0
185507,0,1,3400,-62,62,-404,12,11,0.50,63776.890625,0,2.1,0.0,0.0,0.0,0.0,0.0,0.0,0.0,1.0
185756,0,1,3400,-62,62,-404,13,11,0.50,90390.437500,0,2.1,0.0,0.0,0.0,0.0,0.0,0.0,0.0,1.0
186005,0,1,3400,-62,62,-407,13,11,0.50,119555.554688,0,2.1,0.96,0.0,24063.492188,0,0.0,0.0,0.0,1.0
186254,0,1,3400,-62,62,-402,13,11,0.52,113402.390625,0,2.1,6.0,0.0,0.0,0.0,0.0,0.0,0.0,1.0
186503,0,1,3400,-62,62,-406,9.7,11,0.50,80541.835938,0,2.1,6.0,0.0,0.0,0.0,0.0,0.0,0.0,1.0
186752,0,1,3400,-62,62,-410,7.5,11,0.50,175235.062500,0,2.1,6.0,0.0,0.0,0.0,0.0,0.0,0.0,1.0
187001,0,1,3400,-62,62,-405,6.2,11,0.50,116430.281250,0,2.1,5.1,0.0,15649.402344,0,0.0,0.0,0.0,1.0
187250,0,1,3400,-62,62,-405,9.7,11,0.50,166725.093750,0,2.1,0.0,0.0,0.0,0.0,0.0,0.0,0.0,1.0
187499,0,1,3400,-62,62,-404,5.3,11,0.50,141418.328125,0,2.1,0.0,0.0,0.0,0.0,0.0,0.0,0.0,1.0
187748,0,1,3400,-62,62,-401,13,11,0.50,139047.625000,0,2.1,0.0,0.0,0.0,0.0,0.0,0.0,0.0,1.0
187997,0,1,3400,-62,62,-401,13,11,0.50,121370.515625,0,2.1,0.0,0.0,12334.661133,0,0.0,0.0,0.0,1.0
188246,0,1,3400,-62,62,-403,12,11,0.50,103840.640625,0,2.1,0.0,0.0,0.0,0.0,0.0,0.0,0.0,1.0
188495,0,1,3400,-62,62,-404,6.4,11,0.50,165577.687500,0,2.1,0.0,0.0,0.0,0.0,0.0,0.0,0.0,1.0
188744,0,1,3400,-62,62,-397,8.6,11,0.50,85386.453125,0,2.1,0.0,0.0,0.0,0.0,0.0,0.0,0.0,1.0
188993,0,1,3400,-62,62,-398,11,10,0.51,80191.234375,0,2.1,0.0,0.0,8127.490234,0,0.0,0.0,0.0,1.0
189242,0,1,3400,-62,62,-402,11,11,0.50,122517.929688,0,2.1,0.0,0.0,0.0,0.0,0.0,0.0,0.0,1.0
189491,0,1,3400,-62,62,-407,10,10,0.50,111333.335938,0,2.1,0.0,0.0,0.0,0.0,0.0,0.0,0.0,1.0
189740,0,1,3400,-62,62,-410,11,10,0.50,117131.476562,0,2.1,0.0,0.0,0.0,0.0,0.0,0.0,0.0,1.0
189989,0,1,3400,-62,62,-405,12,11,0.50,98135.460938,0,2.1,0.0,0.0,12334.661133,0,0.0,0.0,0.0,1.0
190238,0,1,3400,-62,62,-408,11,11,0.50,136000.000000,0,2.1,0.0,0.0,0.0,0.0,0.0,0.0,0.0,1.0
190487,0,1,3400,-62,62,-411,13,11,0.50,153402.390625,0,2.1,0.0,0.0,0.0,0.0,0.0,0.0,0.0,1.0
190736,0,1,3400,-62,62,-409,9.8,11,0.50,106613.546875,0,2.1,0.0,0.0,0.0,0.0,0.0,0.0,0.0,1.0
190985,0,1,3400,-62,62,-407,9.0,10,0.50,96031.875000,0,2.1,0.0,186,0.0,0,0.0,0.0,0.0,1.0
191234,0,1,3400,-62,62,-404,12,11,0.73,103460.320312,4,2.1,0.0,0.0,12285.713867,0,0.0,0.0,0.0,1.0
191483,0,1,3400,-62,62,-401,9.9,11,0.50,114326.695312,0,2.1,0.0,0.0,0.0,0.0,0.0,0.0,0.0,1.0
191732,0,1,3400,-62,62,-404,12,11,0.51,142788.843750,0,2.1,0.0,0.0,0.0,0.0,0.0,0.0,0.0,1.0
191981,0,1,3400,-62,62,-400,12,11,0.57,115984.062500,0,2.1,0.0,0.0,12334.661133,0,0.0,0.0,0.0,1.0
192230,0,1,3400,-62,62,-400,6.1,11,0.54,103776.890625,0,2.1,0.0,0.0,0.0,0.0,0.0,0.0,0.0,1.0
192479,0,1,3400,-62,62,-398,8.6,11,0.50,153752.984375,0,2.1,0.0,0.0,0.0,0.0,0.0,0.0,0.0,1.0
192728,0,1,3400,-62,62,-409,14,11,0.70,74103.585938,3,2.1,0.0,0.0,0.0,0.0,0.0,0.0,0.0,1.0
192977,0,1,3400,-62,62,-406,7.1,11,0.55,65460.316406,0,2.1,0.0,186,0.0,0,0.0,0.0,0.0,1.0
193226,0,1,3400,-62,62,-407,13,11,0.55,181960.156250,0,2.1,0.0,0.0,12334.661133,0,0.0,0.0,0.0,1.0
193475,0,1,3400,-62,62,-410,11,11,0.50,90390.437500,0,2.1,0.0,0.0,0.0,0.0,0.0,0.0,0.0,1.0
193724,0,1,3400,-62,62,-403,11,11,0.50,96191.234375,0,2.1,0.0,0.0,0.0,0.0,0.0,0.0,0.0,1.0
193973,0,1,3400,-62,62,-409,12,11,0.50,137912.343750,0,2.1,0.0,0.0,8127.490234,0,0.0,0.0,0.0,1.0
194222,0,1,3400,-62,62,-409,13,11,0.50,90326.695312,0,2.1,0.0,0.0,0.0,0.0,0.0,0.0,0.0,1.0
194471,0,1,3400,-62,62,-406,9.4,11,0.50,106772.906250,0,2.1,0.0,0.0,0.0,0.0,0.0,0.0,0.0,1.0
194720,0,1,3400,-62,62,-412,7.8,11,0.51,149428.578125,0,2.1,0.0,0.0,0.0,0.0,0.0,0.0,0.0,1.0
194969,0,1,3400,-62,62,-409,10,10,0.57,119904.382812,0,2.1,0.0,0.0,8127.490234,0,0.0,0.0,0.0,1.0
195218,0,1,3400,-62,62,-410,13,11,0.55,97179.281250,0,2.1,0.0,0.0,0.0,0.0,0.0,0.0,0.0,1.0
195467,0,1,3400,-62,62,-409,8.6,11,0.50,105370.515625,0,2.1,0.0,0.0,0.0,0.0,0.0,0.0,0.0,1.0
195716,0,1,3400,-62,62,-402,11,11,0.50,165386.453125,0,2.1,0.0,0.0,0.0,0.0,0.0,0.0,0.0,1.0
195965,0,1,3400,-62,62,-400,12,11,0.50,146103.578125,0,2.1,0.0,0.0,8127.490234,0,0.0,0.0,0.0,1.0
196214,0,1,3400,-62,62,-401,11,11,0.50,103872.507812,0,2.1,0.0,0.0,0.0,0.0,0.0,0.0,0.0,1.0
196463,0,1,3400,-62,62,-402,10,11,0.50,86253.968750,0,2.1,0.0,0.0,0.0,0.0,0.0,0.0,0.0,1.0
196712,0,1,3400,-62,62,-398,7.8,11,0.50,76175.296875,0,2.1,0.0,0.0,0.0,0.0,0.0,0.0,0.0,1.0
196961,0,1,3400,-62,62,-397,13,11,0.51,109673.304688,0,2.1,0.0,0.0,8127.490234,0,0.0,0.0,0.0,1.0
197210,0,1,3400,-62,62,-396,12,11,0.50,172525.890625,0,2.1,0.0,0.0,0.0,0.0,0.0,0.0,0.0,1.0
197459,0,1,3400,-62,62,-403,11,10,0.50,107474.101562,0,2.1,0.0,0.0,0.0,0.0,0.0,0.0,0.0,1.0
197708,0,1,3400,-62,62,-412,13,10,0.50,111266.929688,0,2.1,0.0,0.0,0.0,0.0,0.0,0.0,0.0,1.0
197957,0,1,3400,-62,62,-407,12,11,0.50,103968.125000,0,2.1,0.0,186,0.0,0.0,0.0,0.0,0.0,1.0
198206,0,1,3400,-62,62,-397,13,11,0.51,134571.421875,0,2.1,0.0,0.0,8095.238281,0,0.0,0.0,0.0,1.0
198455,0,1,3400,-62,62,-401,8.5,11,0.50,78023.906250,0,2.1,0.0,0.0,0.0,0.0,0.0,0.0,0.0,1.0
198704,0,1,3400,-62,62,-403,12,11,0.50,101227.093750,0,2.1,0.0,0.0,0.0,0.0,0.0,0.0,0.0,1.0
198953,0,1,3400,-62,62,-399,13,11,0.50,79681.273438,0,2.1,0.0,0.0,12334.661133,0,0.0,0.0,0.0,1.0
199202,0,1,3400,-62,62,-406,13,11,0.50,95490.039062,0,2.1,0.0,0.0,0.0,0.0,0.0,0.0,0.0,1.0
199451,0,1,3400,-62,62,-411,12,11,0.50,112414.343750,0,2.1,0.0,0.0,0.0,0.0,0.0,0.0,0.0,1.0
199700,0,1,3400,-62,62,-406,9.3,11,0.53,114677.289062,0,2.1,0.0,0.0,0.0,0.0,0.0,0.0,0.0,1.0
199949,0,1,3400,-62,62,-404,10,11,0.54,111298.804688,0,2.1,0.0,0.0,8127.490234,0,0.0,0.0,0.0,1.0
200198,0,1,3400,-62,62,-400,13,11,0.50,181015.875000,0,2.1,0.0,0.0,0.0,0.0,0.0,0.0,0.0,1.0
200447,0,1,3400,-62,62,-397,13,11,0.50,182119.515625,0,2.1,0.0,0.0,0.0,0.0,0.0,0.0,0.0,1.0
200696,0,1,3400,-62,62,-395,13,11,0.50,100972.109375,0,2.1,0.0,0.0,0.0,0.0,0.0,0.0,0.0,1.0
200945,0,1,3400,-62,62,-406,12,11,0.50,89752.984375,0,2.1,0.0,0.0,12334.661133,0,0.0,0.0,0.0,1.0
201194,0,1,3400,-62,62,-418,6.3,11,0.50,94980.078125,0,2.1,0.0,0.0,0.0,0.0,0.0,0.0,0.0,1.0
201443,0,1,3400,-62,62,-411,12,11,0.61,112254.976562,0,2.1,0.0,0.0,0.0,0.0,0.0,0.0,0.0,1.0
201692,0,1,3400,-62,62,-407,13,11,0.77,90761.906250,4,2.1,0.0,0.0,0.0,0.0,0.0,0.0,0.0,1.0
201941,0,1,3400,-62,62,-408,13,11,0.53,116462.148438,0,2.1,0.0,0.0,12334.661133,0,0.0,0.0,0.0,1.0
202190,0,1,3400,-62,62,-402,11,11,0.53,139155.375000,0,2.1,0.0,0.0,0.0,0.0,0.0,0.0,0.0,1.0
202439,0,1,3400,-62,62,-398,9.8,11,0.53,128350.593750,0,2.1,0.0,0.0,0.0,0.0,0.0,0.0,0.0,1.0
202688,0,1,3400,-62,62,-402,14,11,0.81,116589.640625,2,2.1,0.0,0.0,0.0,0.0,0.0,0.0,0.0,1.0
202937,0,1,3400,-62,62,-408,7.6,11,0.50,123824.703125,0,2.1,0.0,0.0,14916.334961,0,0.0,0.0,0.0,1.0
203186,0,1,3400,-62,62,-402,9.8,11,0.50,142151.390625,0,2.1,0.0,0.0,0.0,0.0,0.0,0.0,0.0,1.0
203435,0,1,3400,-62,62,-398,11,11,0.50,61174.601562,0,2.1,0.0,0.0,0.0,0.0,0.0,0.0,0.0,1.0
203684,0,1,3400,-62,62,-401,10.0,11,0.50,145848.609375,0,2.1,0.0,0.0,0.0,0.0,0.0,0.0,0.0,1.0
203933,0,1,3400,-62,62,-414,9.1,11,0.50,103617.531250,0,2.1,0.0,0.0,12334.661133,0,0.0,0.0,0.0,1.0
204182,0,1,3400,-62,62,-413,9.8,11,0.50,127171.312500,0,2.1,0.0,0.0,0.0,0.0,0.0,0.0,0.0,1.0
204431,0,1,3400,-62,62,-404,11,11,0.50,74868.523438,0,2.1,0.0,0.0,0.0,0.0,0.0,0.0,0.0,1.0
204680,0,1,3400,-62,62,-405,12,11,0.58,73625.500000,0,2.1,0.0,0.0,0.0,0.0,0.0,0.0,0.0,1.0
204929,0,1,3400,-62,62,-413,21,11,1.1,99059.757812,5,2.1,0.0,186,0.0,0,0.0,0.0,0.0,1.0
205178,0,1,3400,-62,62,-410,13,11,0.65,117079.367188,0,2.1,0.0,0.0,8095.238281,0,0.0,0.0,0.0,1.0
205427,0,1,3400,-62,62,-404,13,11,0.55,148047.812500,0,2.1,0.0,0.0,0.0,0.0,0.0,0.0,0.0,1.0
205676,0,1,3400,-62,62,-410,8.4,11,0.50,84844.625000,0,2.1,0.0,0.0,0.0,0.0,0.0,0.0,0.0,1.0
205925,0,1,3400,-62,62,-403,12,11,0.50,146103.578125,0,2.1,0.0,0.0,8127.490234,0,0.0,0.0,0.0,1.0
206174,0,1,3400,-62,62,-405,10,11,0.50,92653.382812,0,2.1,0.0,0.0,0.0,0.0,0.0,0.0,0.0,1.0
206423,0,1,3400,-62,62,-405,13,11,0.50,115059.757812,0,2.1,0.0,0.0,0.0,0.0,0.0,0.0,0.0,1.0
206672,0,1,3400,-62,62,-404,10,11,0.50,113689.242188,0,2.1,0.0,0.0,0.0,0.0,0.0,0.0,0.0,1.0
206921,0,1,3400,-62,62,-403,9.3,11,0.50,104349.203125,0,2.1,0.0,0.0,8095.238281,0,0.0,0.0,0.0,1.0
207170,0,1,3400,-62,62,-407,9.5,11,0.50,136701.187500,0,2.1,0.0,0.0,0.0,0.0,0.0,0.0,0.0,1.0
207419,0,1,3400,-62,62,-406,7.7,11,0.50,93099.601562,0,2.1,0.0,0.0,0.0,0.0,0.0,0.0,0.0,1.0
207668,0,1,3400,-62,62,-407,11,11,0.50,134247.015625,0,2.1,0.0,0.0,0.0,0.0,0.0,0.0,0.0,1.0
207917,0,1,3400,-62,62,-405,13,11,0.50,111617.531250,0,2.1,0.0,0.0,8127.490234,0,0.0,0.0,0.0,1.0
208166,0,1,3400,-62,62,-399,9.9,11,0.50,90772.906250,0,2.1,0.0,0.0,0.0,0.0,0.0,0.0,0.0,1.0
208415,0,1,3400,-62,62,-397,7.5,11,0.50,132557.765625,0,2.1,0.0,0.0,0.0,0.0,0.0,0.0,0.0,1.0
208664,0,1,3400,-62,62,-405,9.6,11,0.50,150317.453125,0,2.1,0.0,0.0,0.0,0.0,0.0,0.0,0.0,1.0
208913,0,1,3400,-62,62,-408,7.8,11,0.50,139856.578125,0,2.1,0.0,0.0,12334.661133,0,0.0,0.0,0.0,1.0
209162,0,1,3400,-62,62,-403,4.1,11,0.50,154199.203125,0,2.1,0.0,0.0,0.0,0.0,0.0,0.0,0.0,1.0
209411,0,1,3400,-62,62,-404,12,11,0.50,90964.140625,0,2.1,0.0,0.0,0.0,0.0,0.0,0.0,0.0,1.0
209660,0,1,3400,-62,62,-403,6.9,11,0.50,62597.609375,0,2.1,0.0,0.0,0.0,0.0,0.0,0.0,0.0,1.0
209909,0,1,3400,-62,62,-404,7.1,11,0.50,116175.296875,0,2.1,0.0,0.0,12334.661133,0,0.0,0.0,0.0,1.0
210158,0,1,3400,-62,62,-409,13,11,0.57,80000.000000,3,2.1,0.0,0.0,0.0,0.0,0.0,0.0,0.0,1.0
210407,0,1,3400,-62,62,-408,9.7,11,0.54,193968.250000,0,2.1,0.0,0.0,5492.063477,0,0.0,0.0,0.0,1.0
210656,0,1,3400,-62,62,-401,12,11,0.67,158565.734375,0,2.1,0.0,0.0,0.0,0.0,0.0,0.0,0.0,1.0
210905,0,1,3400,-62,62,-405,12,11,0.57,59155.378906,0,2.1,0.0,186,0.0,0,0.0,0.0,0.0,1.0
211154,0,1,3400,-62,62,-404,13,11,0.66,113274.898438,0,2.1,0.0,0.0,12334.661133,0,0.0,0.0,0.0,1.0
211403,0,1,3400,-62,62,-404,11,11,0.50,120191.234375,0,2.1,0.0,0.0,0.0,0.0,0.0,0.0,0.0,1.0
211652,0,1,3400,-62,62,-406,9.2,11,0.57,71426.296875,0,2.1,0.0,0.0,0.0,0.0,0.0,0.0,0.0,1.0
211901,0,1,3400,-62,62,-403,9.9,11,0.50,70023.906250,0,2.1,0.0,186,0.0,0.0,0.0,0.0,0.0,1.0
212150,0,1,3400,-62,62,-402,9.3,11,0.50,102884.460938,0,2.1,0.0,0.0,17848.605469,0,0.0,0.0,0.0,1.0
212399,0,1,3400,-62,62,-408,10,11,0.50,135841.265625,0,2.1,0.0,0.0,0.0,0.0,0.0,0.0,0.0,1.0
212648,0,1,3400,-62,62,-405,12,11,0.58,105402.390625,2,2.1,0.0,0.0,0.0,0.0,0.0,0.0,0.0,1.0
212897,0,1,3400,-62,62,-405,13,11,0.58,107569.718750,2,2.1,0.13,0.0,16669.322266,0,0.0,0.0,0.0,1.0
213146,0,1,3400,-62,62,-408,9.2,11,0.50,92239.046875,0,2.1,1.0,0.0,0.0,0.0,0.0,0.0,0.0,1.0
213395,0,1,3400,-62,62,-407,7.4,11,0.53,123250.992188,0,2.1,1.0,0.0,0.0,0.0,0.0,0.0,0.0,1.0
213644,0,1,3400,-62,62,-412,6.2,11,0.50,110412.695312,0,2.1,1.00,0.0,0.0,0.0,0.0,0.0,0.0,1.0
213893,0,1,3400,-62,62,-410,11,11,0.53,143617.531250,0,2.1,0.87,0.0,8127.490234,0,0.0,0.0,0.0,1.0
214142,0,1,3400,-62,62,-411,13,11,0.50,125195.218750,0,2.1,0.0,0.0,0.0,0.0,0.0,0.0,0.0,1.0
214391,0,1,3400,-62,62,-413,12,11,0.50,108780.875000,0,2.1,0.0,0.0,0.0,0.0,0.0,0.0,0.0,1.0
214640,0,1,3400,-62,62,-408,13,11,0.60,132366.531250,0,2.1,0.0,0.0,0.0,0.0,0.0,0.0,0.0,1.0
214889,0,1,3400,-62,62,-399,11,11,0.55,123314.742188,0,2.1,0.0,0.0,8127.490234,0,0.0,0.0,0.0,1.0
215138,0,1,3400,-62,62,-403,10,11,0.50,137721.109375,0,2.1,0.0,0.0,0.0,0.0,0.0,0.0,0.0,1.0
215387,0,1,3400,-62,62,-408,10,11,0.50,134634.921875,0,2.1,0.0,0.0,0.0,0.0,0.0,0.0,0.0,1.0
215636,0,1,3400,-62,62,-399,9.5,11,0.50,72127.492188,0,2.1,0.0,0.0,0.0,0.0,0.0,0.0,0.0,1.0
215885,0,1,3400,-62,62,-397,11,10,0.50,150310.750000,0,2.1,0.0,0.0,8127.490234,0,0.0,0.0,0.0,1.0
216134,0,1,3400,-62,62,-401,11,11,0.50,79617.531250,0,2.1,0.0,0.0,0.0,0.0,0.0,0.0,0.0,1.0
216383,0,1,3400,-62,62,-405,13,11,0.50,137402.390625,0,2.1,0.0,0.0,0.0,0.0,0.0,0.0,0.0,1.0
216632,0,1,3400,-62,62,-408,12,11,0.55,104733.070312,0,2.1,0.0,0.0,0.0,0.0,0.0,0.0,0.0,1.0
216881,0,1,3400,-62,62,-404,11,11,0.53,157832.671875,0,2.1,0.0,0.0,8127.490234,0,0.0,0.0,0.0,1.0
217130,0,1,3400,-62,62,-403,11,11,0.50,126310.757812,0,2.1,0.0,0.0,0.0,0.0,0.0,0.0,0.0,1.0
217379,0,1,3400,-62,62,-402,12,11,0.50,124031.742188,0,2.1,0.0,0.0,0.0,0.0,0.0,0.0,0.0,1.0
217628,0,1,3400,-62,62,-400,10,11,0.50,129816.734375,0,2.1,0.0,0.0,0.0,0.0,0.0,0.0,0.0,1.0
217877,0,1,3400,-62,62,-409,11,11,0.50,117195.218750,0,2.1,0.0,0.0,8127.490234,0,0.0,0.0,0.0,1.0
218126,0,1,3400,-62,62,-409,11,11,0.51,121848.609375,0,2.1,0.0,0.0,0.0,0.0,0.0,0.0,0.0,1.0
218375,0,1,3400,-62,62,-401,12,11,0.50,143490.046875,0,2.1,0.0,0.0,0.0,0.0,0.0,0.0,0.0,1.0
218624,0,1,3400,-62,62,-407,12,11,0.50,127171.312500,0,2.1,0.0,0.0,0.0,0.0,0.0,0.0,0.0,1.0
218873,0,1,3400,-62,62,-404,13,11,0.50,132844.625000,0,2.1,0.0,0.0,12334.661133,0,0.0,0.0,0.0,1.0
219122,0,1,3400,-62,62,-409,12,11,0.50,114888.890625,0,2.1,0.0,0.0,0.0,0.0,0.0,0.0,0.0,1.0
219371,0,1,3400,-62,62,-406,16,11,0.78,133354.578125,0,2.1,0.0,0.0,0.0,0.0,0.0,0.0,0.0,1.0
219620,0,1,3400,-62,62,-404,8.9,11,0.50,130549.804688,0,2.1,0.0,0.0,0.0,0.0,0.0,0.0,0.0,1.0
219869,0,1,3400,-62,62,-402,12,10,0.52,90677.289062,0,2.1,0.0,0.0,8127.490234,0,0.0,0.0,0.0,1.0
220118,0,1,3400,-62,62,-402,16,11,0.75,130454.179688,0,2.1,0.0,0.0,0.0,0.0,0.0,0.0,0.0,1.0
220367,0,1,3400,-62,62,-407,12,11,0.50,136414.343750,0,2.1,0.0,0.0,0.0,0.0,0.0,0.0,0.0,1.0
220616,0,1,3400,-62,62,-413,9.1,11,0.50,127968.257812,0,2.1,0.0,0.0,0.0,0.0,0.0,0.0,0.0,1.0
220865,0,1,3400,-62,62,-407,12,11,0.50,120031.875000,0,2.1,0.0,0.0,12334.661133,0,0.0,0.0,0.0,1.0
221114,0,1,3400,-62,62,-404,13,11,0.50,76525.898438,0,2.1,0.0,0.0,0.0,0.0,0.0,0.0,0.0,1.0
221363,0,1,3400,-62,62,-411,11,11,0.50,86119.523438,0,2.1,0.0,0.0,0.0,0.0,0.0,0.0,0.0,1.0
221612,0,1,3400,-62,62,-408,11,11,0.50,117195.218750,0,2.1,0.0,0.0,0.0,0.0,0.0,0.0,0.0,1.0
221861,0,1,3400,-62,62,-401,13,11,0.58,126916.335938,0,2.1,0.0,0.0,8127.490234,0,0.0,0.0,0.0,1.0
222110,0,1,3400,-62,62,-400,9.2,11,0.52,107920.320312,0,2.1,0.0,0.0,0.0,0.0,0.0,0.0,0.0,1.0
222359,0,1,3400,-62,62,-398,8.8,11,0.50,114262.945312,0,2.1,0.0,0.0,0.0,0.0,0.0,0.0,0.0,1.0
222608,0,1,3400,-62,62,-412,12,11,0.50,116761.906250,0,2.1,0.0,0.0,0.0,0.0,0.0,0.0,0.0,1.0
222857,0,1,3400,-62,62,-416,9.6,10,0.50,111840.640625,0,2.1,0.0,0.0,8127.490234,0,0.0,0.0,0.0,1.0
223106,0,1,3400,-62,62,-409,10,11,0.53,95521.914062,0,2.1,0.0,0.0,0.0,0.0,0.0,0.0,0.0,1.0
223355,0,1,3400,-62,62,-403,12,11,0.54,122103.585938,0,2.1,0.0,0.0,0.0,0.0,0.0,0.0,0.0,1.0
223604,0,1,3400,-62,62,-407,15,11,0.73,131219.125000,0,2.1,0.0,0.0,0.0,0.0,0.0,0.0,0.0,1.0
223853,0,1,3400,-62,62,-399,13,11,0.63,111808.765625,0,2.1,0.0,0.0,8127.490234,0,0.0,0.0,0.0,1.0
224102,0,1,3400,-62,62,-402,9.4,11,0.50,101705.179688,0,2.1,0.0,0.0,0.0,0.0,0.0,0.0,0.0,1.0
224351,0,1,3400,-62,62,-409,11,11,0.50,126825.398438,0,2.1,0.0,0.0,0.0,0.0,0.0,0.0,0.0,1.0
224600,0,1,3400,-62,62,-405,8.2,11,0.92,85705.179688,6,2.1,0.0,0.0,0.0,0.0,0.0,0.0,0.0,1.0
224849,0,1,3400,-62,62,-410,12,11,0.50,132940.234375,0,2.1,0.0,186,0.0,0,0.0,0.0,0.0,1.0
225098,0,1,3400,-62,62,-401,11,11,0.60,116494.023438,0,2.1,0.0,0.0,8127.490234,0,0.0,0.0,0.0,1.0
225347,0,1,3400,-62,62,-400,7.3,11,0.50,122167.328125,0,2.1,0.0,0.0,0.0,0.0,0.0,0.0,0.0,1.0
225596,0,1,3400,-62,62,-405,12,11,0.50,95394.421875,0,2.1,0.0,0.0,0.0,0.0,0.0,0.0,0.0,1.0
225845,0,1,3400,-62,62,-404,9.9,11,0.50,