time,nof_ue,dl_brate,ul_brate
1613739911015,0,0.0,0.0
1613739911265,0,0.0,0.0
1613739911515,0,0.0,0.0
1613739911765,0,0.0,0.0
1613739912015,0,0.0,0.0
1613739912265,0,0.0,0.0
1613739912515,0,0.0,0.0
1613739912765,0,0.0,0.0
1613739913015,0,0.0,0.0
1613739913265,0,0.0,0.0
1613739913515,0,0.0,0.0
1613739913765,0,0.0,0.0
1613739914015,0,0.0,0.0
1613739914265,0,0.0,0.0
1613739914515,0,0.0,0.0
1613739914765,0,0.0,0.0
1613739915015,0,0.0,0.0
1613739915265,0,0.0,0.0
1613739915515,0,0.0,0.0
1613739915765,0,0.0,0.0
1613739916015,0,0.0,0.0
1613739916265,0,0.0,0.0
1613739916515,0,0.0,0.0
1613739916765,0,0.0,0.0
1613739917015,0,0.0,0.0
1613739917265,0,0.0,0.0
1613739917515,0,0.0,0.0
1613739917765,0,0.0,0.0
1613739918015,0,0.0,0.0
1613739918265,0,0.0,0.0
1613739918515,0,0.0,0.0
1613739918765,0,0.0,0.0
1613739919015,0,0.0,0.0
1613739919265,0,0.0,0.0
1613739919515,0,0.0,0.0
1613739919765,0,0.0,0.0
1613739920015,0,0.0,0.0
1613739920265,0,0.0,0.0
1613739920515,0,0.0,0.0
1613739920765,0,0.0,0.0
1613739921015,0,0.0,0.0
1613739921265,0,0.0,0.0
1613739921515,0,0.0,0.0
1613739921765,0,0.0,0.0
1613739922015,0,0.0,0.0
1613739922265,0,0.0,0.0
1613739922515,0,0.0,0.0
1613739922765,0,0.0,0.0
1613739923015,0,0.0,0.0
1613739923265,0,0.0,0.0
1613739923515,0,0.0,0.0
1613739923765,0,0.0,0.0
1613739924015,0,0.0,0.0
1613739924265,0,0.0,0.0
1613739924515,0,0.0,0.0
1613739924765,0,0.0,0.0
1613739925015,0,0.0,0.0
1613739925265,0,0.0,0.0
1613739925515,0,0.0,0.0
1613739925765,0,0.0,0.0
1613739926015,0,0.0,0.0
1613739926265,0,0.0,0.0
1613739926515,0,0.0,0.0
1613739926765,0,0.0,0.0
1613739927015,0,0.0,0.0
1613739927265,0,0.0,0.0
1613739927515,0,0.0,0.0
1613739927765,0,0.0,0.0
1613739928015,0,0.0,0.0
1613739928265,0,0.0,0.0
1613739928515,0,0.0,0.0
1613739928765,0,0.0,0.0
1613739929015,0,0.0,0.0
1613739929265,0,0.0,0.0
1613739929515,0,0.0,0.0
1613739929765,0,0.0,0.0
1613739930015,0,0.0,0.0
1613739930265,0,0.0,0.0
1613739930515,0,0.0,0.0
1613739930765,0,0.0,0.0
1613739931015,0,0.0,0.0
1613739931265,0,0.0,0.0
1613739931515,0,0.0,0.0
1613739931765,0,0.0,0.0
1613739932015,0,0.0,0.0
1613739932265,0,0.0,0.0
1613739932515,0,0.0,0.0
1613739932765,0,0.0,0.0
1613739933015,0,0.0,0.0
1613739933265,0,0.0,0.0
1613739933515,0,0.0,0.0
1613739933765,0,0.0,0.0
1613739934015,0,0.0,0.0
1613739934265,0,0.0,0.0
1613739934515,0,0.0,0.0
1613739934765,0,0.0,0.0
1613739935015,0,0.0,0.0
1613739935265,0,0.0,0.0
1613739935515,0,0.0,0.0
1613739935765,0,0.0,0.0
1613739936015,0,0.0,0.0
1613739936265,0,0.0,0.0
1613739936515,0,0.0,0.0
1613739936765,0,0.0,0.0
1613739937015,0,0.0,0.0
1613739937265,0,0.0,0.0
1613739937515,0,0.0,0.0
1613739937765,0,0.0,0.0
1613739938015,0,0.0,0.0
1613739938265,0,0.0,0.0
1613739938515,0,0.0,0.0
1613739938765,0,0.0,0.0
1613739939015,0,0.0,0.0
1613739939265,0,0.0,0.0
1613739939515,0,0.0,0.0
1613739939765,0,0.0,0.0
1613739940015,0,0.0,0.0
1613739940265,0,0.0,0.0
1613739940515,0,0.0,0.0
1613739940765,0,0.0,0.0
1613739941015,0,0.0,0.0
1613739941265,0,0.0,0.0
1613739941515,0,0.0,0.0
1613739941765,0,0.0,0.0
1613739942015,0,0.0,0.0
1613739942265,0,0.0,0.0
1613739942515,0,0.0,0.0
1613739942765,0,0.0,0.0
1613739943015,0,0.0,0.0
1613739943265,0,0.0,0.0
1613739943515,0,0.0,0.0
1613739943765,0,0.0,0.0
1613739944015,0,0.0,0.0
1613739944265,0,0.0,0.0
1613739944515,0,0.0,0.0
1613739944765,0,0.0,0.0
1613739945015,0,0.0,0.0
1613739945265,0,0.0,0.0
1613739945515,0,0.0,0.0
1613739945765,0,0.0,0.0
1613739946015,0,0.0,0.0
1613739946265,0,0.0,0.0
1613739946515,0,0.0,0.0
1613739946765,0,0.0,0.0
1613739947015,0,0.0,0.0
1613739947265,0,0.0,0.0
1613739947515,0,0.0,0.0
1613739947765,0,0.0,0.0
1613739948015,0,0.0,0.0
1613739948265,0,0.0,0.0
1613739948515,0,0.0,0.0
1613739948765,0,0.0,0.0
1613739949015,0,0.0,0.0
1613739949265,0,0.0,0.0
1613739949515,0,0.0,0.0
1613739949765,0,0.0,0.0
1613739950015,0,0.0,0.0
1613739950265,0,0.0,0.0
1613739950515,0,0.0,0.0
1613739950765,0,0.0,0.0
1613739951015,0,0.0,0.0
1613739951265,0,0.0,0.0
1613739951515,0,0.0,0.0
1613739951765,0,0.0,0.0
1613739952015,0,0.0,0.0
1613739952265,0,0.0,0.0
1613739952515,0,0.0,0.0
1613739952765,0,0.0,0.0
1613739953015,0,0.0,0.0
1613739953265,0,0.0,0.0
1613739953515,0,0.0,0.0
1613739953765,0,0.0,0.0
1613739954015,0,0.0,0.0
1613739954265,0,0.0,0.0
1613739954515,0,0.0,0.0
1613739954765,0,0.0,0.0
1613739955015,0,0.0,0.0
1613739955265,0,0.0,0.0
1613739955515,0,0.0,0.0
1613739955765,0,0.0,0.0
1613739956015,0,0.0,0.0
1613739956265,0,0.0,0.0
1613739956515,0,0.0,0.0
1613739956765,0,0.0,0.0
1613739957015,0,0.0,0.0
1613739957265,0,0.0,0.0
1613739957515,0,0.0,0.0
1613739957765,0,0.0,0.0
1613739958015,0,0.0,0.0
1613739958265,0,0.0,0.0
1613739958515,0,0.0,0.0
1613739958765,0,0.0,0.0
1613739959015,0,0.0,0.0
1613739959265,0,0.0,0.0
1613739959515,0,0.0,0.0
1613739959765,0,0.0,0.0
1613739960015,0,0.0,0.0
1613739960265,0,0.0,0.0
1613739960515,0,0.0,0.0
1613739960765,0,0.0,0.0
1613739961015,0,0.0,0.0
1613739961265,0,0.0,0.0
1613739961515,0,0.0,0.0
1613739961765,0,0.0,0.0
1613739962015,0,0.0,0.0
1613739962265,0,0.0,0.0
1613739962515,0,0.0,0.0
1613739962765,0,0.0,0.0
1613739963015,0,0.0,0.0
1613739963265,0,0.0,0.0
1613739963515,0,0.0,0.0
1613739963765,0,0.0,0.0
1613739964015,0,0.0,0.0
1613739964265,0,0.0,0.0
1613739964515,0,0.0,0.0
1613739964765,0,0.0,0.0
1613739965015,0,0.0,0.0
1613739965265,0,0.0,0.0
1613739965515,0,0.0,0.0
1613739965765,0,0.0,0.0
1613739966015,0,0.0,0.0
1613739966265,0,0.0,0.0
1613739966515,0,0.0,0.0
1613739966765,0,0.0,0.0
1613739967015,0,0.0,0.0
1613739967265,0,0.0,0.0
1613739967515,0,0.0,0.0
1613739967765,0,0.0,0.0
1613739968015,0,0.0,0.0
1613739968265,0,0.0,0.0
1613739968515,0,0.0,0.0
1613739968765,0,0.0,0.0
1613739969015,0,0.0,0.0
1613739969265,0,0.0,0.0
1613739969515,0,0.0,0.0
1613739969765,0,0.0,0.0
1613739970015,0,0.0,0.0
1613739970265,0,0.0,0.0
1613739970515,0,0.0,0.0
1613739970782,1,0.0,1191.489380
1613739971015,2,3209.719482,463
1613739971265,2,3936.000000,57024.000000
1613739971515,2,11040.000000,167904.000000
1613739971765,2,6368.000000,59456.000000
1613739972015,2,1824.000000,18080.000000
1613739972265,2,0.0,0.0
1613739972515,2,0.0,0.0
1613739972765,2,0.0,0.0
1613739973015,2,0.0,0.0
1613739973265,2,0.0,0.0
1613739973515,2,0.0,0.0
1613739973765,2,0.0,0.0
1613739974015,4,1695.364258,603
1613739974265,4,0.0,0.0
1613739974515,4,9216.000000,130432.000000
1613739974765,4,2176.000000,20800.000000
1613739975015,3,0.0,0.0
1613739975265,5,2115.702393,727
1613739975520,7,0.0,1383.561646
1613739975765,7,10579.591797,115689.796875
1613739976015,8,2624.000000,57376.000000
1613739976265,7,4704.000000,37728.000000
1613739976515,6,5920.000000,95648.000000
1613739976765,6,3648.000000,18080.000000
1613739977015,6,7392.000000,113632.000000
1613739977265,6,1824.000000,18080.000000
1613739977515,6,0.0,0.0
1613739977765,6,0.0,0.0
1613739978015,6,0.0,0.0
1613739978265,6,0.0,0.0
1613739978515,6,0.0,0.0
1613739978765,6,0.0,0.0
1613739979015,6,0.0,0.0
1613739979265,6,0.0,0.0
1613739979515,6,0.0,0.0
1613739979765,6,0.0,0.0
1613739980015,6,0.0,0.0
1613739980265,6,0.0,0.0
1613739980515,6,0.0,0.0
1613739980765,6,0.0,0.0
1613739981015,6,0.0,0.0
1613739981265,6,0.0,0.0
1613739981515,6,0.0,0.0
1613739981765,6,0.0,0.0
1613739982015,6,0.0,0.0
1613739982265,6,0.0,0.0
1613739982515,6,0.0,0.0
1613739982765,6,0.0,0.0
1613739983015,6,0.0,0.0
1613739983265,6,0.0,0.0
1613739983515,6,0.0,0.0
1613739983765,6,0.0,0.0
1613739984015,6,0.0,0.0
1613739984265,6,0.0,0.0
1613739984515,6,0.0,0.0
1613739984765,6,0.0,0.0
1613739985015,6,0.0,0.0
1613739985265,6,0.0,0.0
1613739985515,6,0.0,0.0
1613739985765,6,0.0,0.0
1613739986015,6,0.0,0.0
1613739986265,6,0.0,0.0
1613739986515,6,0.0,0.0
1613739986765,6,0.0,0.0
1613739987015,6,0.0,0.0
1613739987265,6,0.0,0.0
1613739987515,6,0.0,0.0
1613739987765,6,0.0,0.0
1613739988015,6,0.0,0.0
1613739988265,6,0.0,0.0
1613739988515,6,0.0,0.0
1613739988765,6,0.0,0.0
1613739989015,6,0.0,0.0
1613739989265,6,0.0,17056.000000
1613739989515,6,0.0,0.0
1613739989765,6,0.0,0.0
1613739990015,6,0.0,0.0
1613739990265,6,0.0,0.0
1613739990515,6,0.0,0.0
1613739990765,6,0.0,0.0
1613739991015,6,0.0,0.0
1613739991265,6,0.0,0.0
1613739991515,6,0.0,0.0
1613739991765,6,0.0,0.0
1613739992015,6,0.0,0.0
1613739992265,6,0.0,0.0
1613739992515,6,0.0,0.0
1613739992765,6,0.0,0.0
1613739993015,6,0.0,0.0
1613739993265,6,0.0,0.0
1613739993515,6,0.0,0.0
1613739993765,6,0.0,0.0
1613739994015,6,0.0,0.0
1613739994265,6,0.0,0.0
1613739994515,6,0.0,0.0
1613739994765,6,0.0,0.0
1613739995015,6,0.0,0.0
1613739995265,6,0.0,0.0
1613739995515,6,0.0,0.0
1613739995765,6,0.0,0.0
1613739996015,6,0.0,0.0
1613739996265,6,0.0,0.0
1613739996515,6,0.0,0.0
1613739996765,6,0.0,0.0
1613739997015,6,0.0,0.0
1613739997265,6,0.0,0.0
1613739997515,6,0.0,0.0
1613739997765,6,0.0,0.0
1613739998015,6,0.0,0.0
1613739998265,6,0.0,0.0
1613739998515,6,0.0,0.0
1613739998765,6,0.0,0.0
1613739999015,6,0.0,0.0
1613739999265,6,0.0,0.0
1613739999515,6,0.0,0.0
1613739999765,6,0.0,0.0
1613740000015,6,0.0,0.0
1613740000265,6,0.0,0.0
1613740000515,6,0.0,0.0
1613740000765,6,0.0,0.0
1613740001015,6,0.0,0.0
1613740001265,6,0.0,0.0
1613740001515,6,0.0,0.0
1613740001765,6,0.0,0.0
1613740002015,6,0.0,0.0
1613740002265,6,0.0,0.0
1613740002515,6,0.0,0.0
1613740002765,6,0.0,0.0
1613740003015,6,0.0,0.0
1613740003265,6,0.0,0.0
1613740003515,6,0.0,0.0
1613740003765,6,0.0,0.0
1613740004015,6,0.0,0.0
1613740004265,6,0.0,0.0
1613740004515,6,0.0,0.0
1613740004765,6,0.0,0.0
1613740005015,6,0.0,0.0
1613740005265,6,0.0,0.0
1613740005515,6,0.0,0.0
1613740005765,6,0.0,0.0
1613740006015,6,0.0,17056.000000
1613740006265,6,0.0,0.0
1613740006515,6,0.0,0.0
1613740006765,6,0.0,0.0
1613740007015,6,0.0,0.0
1613740007265,6,0.0,17056.000000
1613740007515,6,0.0,0.0
1613740007765,6,0.0,0.0
1613740008015,6,0.0,0.0
1613740008265,6,0.0,0.0
1613740008515,6,0.0,0.0
1613740008765,6,0.0,0.0
1613740009015,6,0.0,0.0
1613740009265,6,0.0,0.0
1613740009515,6,0.0,0.0
1613740009765,6,0.0,0.0
1613740010015,6,0.0,0.0
1613740010265,6,0.0,0.0
1613740010515,6,0.0,0.0
1613740010765,6,0.0,0.0
1613740011015,6,0.0,0.0
1613740011265,6,0.0,0.0
1613740011515,6,0.0,0.0
1613740011765,6,0.0,17056.000000
1613740012015,6,0.0,0.0
1613740012265,6,0.0,0.0
1613740012515,6,0.0,0.0
1613740012765,6,0.0,0.0
1613740013015,6,0.0,17056.000000
1613740013265,6,0.0,0.0
1613740013515,6,0.0,0.0
1613740013765,6,0.0,0.0
1613740014015,6,0.0,0.0
1613740014265,6,0.0,0.0
1613740014515,6,0.0,0.0
1613740014765,6,0.0,0.0
1613740015015,6,0.0,0.0
1613740015265,6,0.0,0.0
1613740015515,6,0.0,0.0
1613740015765,6,0.0,0.0
1613740016015,6,0.0,0.0
1613740016265,6,0.0,0.0
1613740016515,6,0.0,0.0
1613740016765,6,0.0,17056.000000
1613740017015,6,0.0,0.0
1613740017265,6,0.0,17056.000000
1613740017515,6,0.0,0.0
1613740017765,6,0.0,0.0
1613740018015,6,0.0,0.0
1613740018265,6,0.0,0.0
1613740018515,6,0.0,0.0
1613740018765,6,0.0,0.0
1613740019015,6,0.0,0.0
1613740019265,6,0.0,0.0
1613740019515,6,0.0,0.0
1613740019765,6,0.0,0.0
1613740020015,6,0.0,0.0
1613740020265,6,0.0,0.0
1613740020515,6,0.0,0.0
1613740020765,6,0.0,0.0
1613740021015,6,4705024.000000,331264.000000
1613740021265,6,5450570.000000,47710.843750
1613740021515,6,4889561.500000,5513.944336
1613740021765,6,5408867.500000,41381.527344
1613740022015,6,5048544.000000,193056.000000
1613740022265,6,4972631.000000,0.0
1613740022515,6,5410862.000000,25989.992188
1613740022765,6,5234624.000000,56704.000000
1613740023015,6,5441280.000000,192544.000000
1613740023265,6,5077120.000000,0.0
1613740023515,6,5148992.000000,0.0
1613740023765,6,5270816.000000,0.0
1613740024015,6,5249696.000000,102112.000000
1613740024265,6,5641735.000000,7132.530273
1613740024515,6,5242944.000000,5536.000000
1613740024765,6,5306208.000000,0.0
1613740025016,6,5272446.500000,317258.937500
1613740025265,6,5412659.000000,7710.843262
1613740025515,6,5418135.500000,41625.496094
1613740025765,6,5418848.000000,0.0
1613740026015,6,5076288.000000,85440.000000
1613740026265,6,5379552.000000,0.0
1613740026515,6,5276672.000000,11968.000000
1613740026765,6,5102560.000000,11072.000000
1613740027015,6,5531744.000000,111680.000000
1613740027265,6,4943350.500000,0.0
1613740027515,6,5491012.000000,22970.263672
1613740027765,6,5035680.000000,39648.000000
1613740028015,6,5501472.000000,161984.000000
1613740028265,6,5489574.000000,12016.064453
1613740028515,6,5189769.500000,33529.878906
1613740028765,6,5390112.000000,11072.000000
1613740029015,6,5294496.000000,284736.000000
1613740029265,6,5361760.000000,0.0
1613740029515,6,5229494.000000,0.0
1613740029765,6,4946400.000000,0.0
1613740030015,6,5261100.000000,143075.703125
1613740030265,6,5332288.000000,31552.000000
1613740030515,6,5522464.000000,56704.000000
1613740030765,6,6083264.000000,71712.000000
1613740031015,6,5332948.000000,81317.273438
1613740031265,6,5366470.000000,13163.346680
1613740031515,6,5423552.000000,8864.000000
1613740031765,6,5838080.000000,11072.000000
1613740032015,6,5654843.000000,255839.359375
1613740032265,6,5305402.500000,0.0
1613740032515,6,5260337.500000,62489.960938
1613740032765,6,5162560.000000,39648.000000
1613740033015,6,5279072.000000,66656.000000
1613740033265,6,5407552.000000,0.0
1613740033515,6,5009115.500000,39936.257812
1613740033765,6,5307296.000000,28128.000000
1613740034015,6,5285984.000000,138784.000000
1613740034265,6,5391357.500000,5558.232910
1613740034515,6,5830112.000000,0.0
1613740034765,6,5671544.000000,31365.992188
1613740035015,6,5199040.000000,199264.000000
1613740035265,6,5475212.500000,67598.390625
1613740035515,6,5146263.000000,0.0
1613740035765,6,5432707.000000,39807.230469
1613740036015,6,5210008.000000,228111.546875
1613740036265,6,5210784.000000,10432.000000
1613740036515,6,5113381.500000,16674.699219
1613740036765,6,5400384.000000,11072.000000
1613740037015,6,5364405.000000,119635.703125
1613740037265,6,5267808.000000,0.0
1613740037515,6,5405696.000000,35808.000000
1613740037765,6,5177376.000000,22720.000000
1613740038015,6,5256640.000000,85376.000000
1613740038265,6,4925012.000000,36851.406250
1613740038515,6,4697625.500000,65466.136719
1613740038765,6,5734880.000000,17056.000000
1613740039015,6,5358464.000000,154752.000000
1613740039265,6,5226944.000000,41984.000000
1613740039515,6,5231200.000000,0.0
1613740039765,6,5334208.000000,17056.000000
1613740040015,6,5354988.000000,188048.187500
1613740040265,6,5257689.000000,39043.824219
1613740040515,6,5086797.000000,5558.232910
1613740040765,6,5774149.500000,22592.000000
1613740041015,6,5241568.000000,212832.000000
1613740041265,6,5205354.500000,0.0
1613740041515,6,5535949.000000,0.0
1613740041765,6,5227904.000000,0.0
1613740042015,6,5327422.000000,154281.125000
1613740042265,6,5082932.500000,11027.888672
1613740042515,6,5432864.000000,22592.000000
1613740042765,6,5635040.000000,28128.000000
1613740043015,6,4985728.000000,267392.000000
1613740043265,6,5178592.000000,30304.000000
1613740043515,6,5237056.000000,54656.000000
1613740043765,6,5325792.000000,0.0
1613740044015,6,5314336.000000,62464.000000
1613740044265,6,5149696.000000,28512.000000
1613740044515,6,5052192.000000,26080.000000
1613740044765,6,7103136.000000,0.0
1613740045015,6,5164352.000000,135360.000000
1613740045265,6,5252704.000000,0.0
1613740045515,6,5254080.000000,16608.000000
1613740045765,6,5083984.000000,28240.962891
1613740046015,6,5588544.000000,100512.000000
1613740046265,6,5096637.500000,29705.179688
1613740046515,6,5094784.000000,5536.000000
1613740046765,6,5498528.000000,11072.000000
1613740047015,6,5270464.000000,186048.000000
1613740047265,6,5270496.000000,0.0
1613740047515,6,5337536.000000,0.0
1613740047765,6,5262944.000000,17056.000000
1613740048015,6,4995648.000000,152960.000000
1613740048265,6,5368161.000000,5558.232910
1613740048515,6,5172462.000000,22501.990234
1613740048765,6,5483328.000000,17056.000000
1613740049015,6,5203136.000000,153632.000000
1613740049265,6,6087968.000000,0.0
1613740049515,6,5321600.000000,0.0
1613740049765,6,5321792.000000,0.0
1613740050015,6,5495552.000000,125600.000000
1613740050265,6,5402400.000000,0.0
1613740050515,6,5128480.000000,16608.000000
1613740050765,6,5170112.000000,0.0
1613740051015,6,5164691.000000,157365.468750
1613740051265,6,5804207.000000,10677.291016
1613740051515,6,4576064.000000,11116.465820
1613740051765,6,4952223.500000,22501.992188
1613740052015,6,5248349.000000,205764.500000
1613740052265,6,4823368.000000,18688.000000
1613740052515,6,5419506.000000,28015.935547
1613740052765,6,5117440.000000,22592.000000
1613740053015,6,4973472.000000,179616.000000
1613740053265,6,5351520.000000,29120.000000
1613740053515,6,5380160.000000,11072.000000
1613740053765,6,5621408.000000,5536.000000
1613740054015,6,5204672.000000,243968.000000
1613740054265,6,5323424.000000,22592.000000
1613740054515,6,5439104.000000,5536.000000
1613740054765,6,5157012.000000,0.0
1613740055015,6,5099761.000000,127139.437500
1613740055265,6,5103584.000000,11072.000000
1613740055515,6,5079392.000000,33216.000000
1613740055765,6,5028562.000000,11116.465820
1613740056015,6,5211314.500000,169721.125000
1613740056265,6,4945376.000000,0.0
1613740056515,6,5400512.000000,22592.000000
1613740056765,6,5448835.500000,0.0
1613740057015,6,5679203.000000,273274.906250
1613740057265,6,5356369.500000,0.0
1613740057515,6,4802295.000000,22055.777344
1613740057765,6,5281664.000000,5536.000000
1613740058015,6,6271616.000000,126496.000000
1613740058265,6,5401696.000000,11072.000000
1613740058515,6,4943264.000000,5536.000000
1613740058765,6,5428320.000000,22144.000000
1613740059015,6,5310393.500000,32257.027344
1613740059265,6,5097120.000000,14784.000000
1613740059515,6,5289280.000000,30656.000000
1613740059765,6,5260175.000000,23840.636719
1613740060015,6,5031968.000000,189472.000000
1613740060265,6,5313440.000000,0.0
1613740060515,6,4973184.000000,0.0
1613740060765,6,5346410.000000,0.0
1613740061015,6,5375777.000000,104031.875000
1613740061265,6,5125152.000000,24160.000000
1613740061515,6,5220256.000000,11072.000000
1613740061765,6,5058848.000000,0.0
1613740062015,6,5199040.000000,93728.000000
1613740062265,6,5485760.000000,11072.000000
1613740062515,6,5352288.000000,33312.000000
1613740062765,6,5149088.000000,65568.000000
1613740063015,6,5414048.000000,166880.000000
1613740063265,6,5259040.000000,5536.000000
1613740063515,6,5477984.000000,5536.000000
1613740063765,6,5263357.000000,27791.164062
1613740064015,6,5552893.000000,167235.046875
1613740064265,6,5469952.000000,16608.000000
1613740064515,6,5379052.500000,26634.537109
1613740064765,6,5342438.500000,22501.990234
1613740065015,6,5123808.000000,170464.000000
1613740065265,6,5150144.000000,0.0
1613740065515,6,5247968.000000,5536.000000
1613740065765,6,5456353.500000,22682.730469
1613740066015,6,5148972.000000,174725.093750
1613740066265,6,5381792.000000,9024.000000
1613740066515,6,5302080.000000,5536.000000
1613740066765,6,5083424.000000,0.0
1613740067015,6,5395744.000000,92352.000000
1613740067265,6,5388819.000000,16674.699219
1613740067515,6,5096352.000000,26016.000000
1613740067765,6,5240860.500000,5513.944336
1613740068015,6,5325696.000000,128128.000000
1613740068265,6,4968257.000000,0.0
1613740068515,6,4820717.000000,0.0
1613740068765,6,5759296.000000,0.0
1613740069015,6,5490272.000000,201888.000000
1613740069265,6,4998016.000000,22144.000000
1613740069515,6,5367424.000000,0.0
1613740069765,6,4894144.000000,28128.000000
1613740070015,6,4897984.000000,187648.000000
1613740070265,6,5389430.000000,5558.232910
1613740070515,6,5174240.000000,54208.000000
1613740070765,6,5063458.000000,33976.093750
1613740071015,6,5331456.000000,77408.000000
1613740071265,6,5660672.000000,12000.000000
1613740071515,6,5581365.500000,17574.296875
1613740071765,6,5319904.500000,0.0
1613740072015,6,5363296.000000,141120.000000
1613740072265,6,5370152.500000,7710.843262
1613740072515,6,5023298.500000,8828.685547
1613740072765,6,5524016.000000,0.0
1613740073015,6,5367904.500000,268557.750000
1613740073265,6,5132448.000000,22592.000000
1613740073515,6,5385472.000000,22592.000000
1613740073765,6,5377184.000000,56704.000000
1613740074015,6,5020128.000000,165952.000000
1613740074265,6,5076512.000000,45184.000000
1613740074515,6,4729888.000000,39648.000000
1613740074765,6,5237280.000000,0.0
1613740075031,6,5902324.000000,247905.140625
1613740075265,6,4960486.000000,0.0
1613740075515,6,5329280.000000,0.0
1613740075765,6,5226988.000000,28240.962891
1613740076015,6,5389345.500000,137493.406250
1613740076265,6,5564224.000000,23040.000000
1613740076515,6,5134688.000000,26080.000000
1613740076765,6,4866441.500000,0.0
1613740077015,6,5076717.000000,157099.593750
1613740077265,6,5475456.000000,11072.000000
1613740077515,6,5393120.000000,36992.000000
1613740077765,6,4923919.500000,0.0
1613740078015,6,5234773.000000,163155.375000
1613740078265,6,5165824.000000,0.0
1613740078515,6,5117397.500000,20562.248047
1613740078765,6,5327008.000000,16608.000000
1613740079015,6,5255328.000000,300064.000000
1613740079265,6,5306836.500000,14501.992188
1613740079515,6,5010240.000000,0.0
1613740079765,6,5266184.500000,0.0
1613740080015,6,5356589.500000,192701.187500
1613740080265,6,5070720.000000,0.0
1613740080515,6,5411136.000000,0.0
1613740080765,6,5500704.000000,0.0
1613740081015,6,5403148.500000,117911.648438
1613740081265,6,5363346.500000,7075.697266
1613740081515,6,4930474.000000,7132.530273
1613740081765,6,5338464.000000,0.0
1613740082015,6,5478374.500000,85737.054688
1613740082265,6,5153703.000000,30393.574219
1613740082515,6,5088608.000000,0.0
1613740082765,6,5405131.500000,22501.992188
1613740083015,6,5154313.000000,252755.015625
1613740083265,6,5426112.000000,5536.000000
1613740083515,6,5206310.500000,11027.888672
1613740083765,6,5223040.000000,0.0
1613740084015,6,5088960.000000,129152.000000
1613740084265,6,5369056.000000,5536.000000
1613740084515,6,5456576.000000,11072.000000
1613740084765,6,5069376.000000,11072.000000
1613740085015,6,5590624.000000,129792.000000
1613740085265,6,4980704.000000,22592.000000
1613740085515,6,5328803.500000,28240.964844
1613740085765,6,4995744.000000,22592.000000
1613740086015,6,5315200.000000,118304.000000
1613740086265,6,5389408.000000,22144.000000
1613740086515,6,4952096.000000,0.0
1613740086765,6,5110881.000000,17056.000000
1613740087015,6,5025383.500000,324659.000000
1613740087265,6,5233056.000000,8768.000000
1613740087515,6,5592576.000000,0.0
1613740087765,6,5245472.000000,0.0
1613740088015,6,4956064.000000,102944.000000
1613740088265,6,5373856.000000,11072.000000
1613740088515,6,5166688.000000,34112.000000
1613740088765,6,5620320.000000,0.0
1613740089015,6,5039869.500000,169794.312500
1613740089265,6,5661383.500000,7132.530273
1613740089515,6,5349386.500000,8828.685547
1613740089765,6,5332320.000000,22592.000000
1613740090015,6,5037728.000000,125088.000000
1613740090265,6,5161366.500000,17124.498047
1613740090515,6,5280094.500000,0.0
1613740090765,6,5229216.000000,0.0
1613740091015,6,5938624.000000,288096.000000
1613740091265,6,5224352.000000,0.0
1613740091515,6,5178912.000000,0.0
1613740091765,6,5100224.000000,0.0
1613740092015,6,5165760.000000,164128.000000
1613740092265,6,5343904.000000,5536.000000
1613740092515,6,5202848.000000,33664.000000
1613740092765,6,5308992.000000,17056.000000
1613740093015,6,5643598.500000,169124.500000
1613740093265,6,5332207.000000,7649.402344
1613740093515,6,5263004.000000,56578.312500
1613740093765,6,5196144.000000,16988.046875
1613740094015,6,5125376.000000,146336.000000
1613740094265,6,5490474.000000,0.0
1613740094515,6,5507136.000000,0.0
1613740094765,6,5457721.000000,0.0
1613740095015,6,4908544.000000,115360.000000
1613740095265,6,4823648.000000,22144.000000
1613740095515,6,5108208.500000,16674.699219
1613740095765,6,4848860.500000,11027.888672
1613740096015,6,4575872.000000,237696.000000
1613740096265,6,5403616.000000,17056.000000
1613740096515,6,5034152.500000,17124.498047
1613740096765,6,5989888.000000,0.0
1613740097015,6,5009816.500000,158852.593750
1613740097265,6,5177088.000000,5536.000000
1613740097515,6,5413376.000000,5536.000000
1613740097765,6,5170272.000000,0.0
1613740098015,6,6040672.000000,275072.000000
1613740098265,6,5465831.500000,11116.465820
1613740098516,6,5346167.000000,16541.832031
1613740098765,6,5091456.000000,22592.000000
1613740099015,6,5566297.000000,51502.011719
1613740099265,6,5376669.500000,27027.888672
1613740099515,6,5395552.000000,31456.000000
1613740099765,6,5267373.500000,0.0
1613740100015,6,5250103.500000,191936.265625
1613740100265,6,5682880.000000,5536.000000
1613740100515,6,4992928.000000,0.0
1613740100765,6,5643856.000000,9060.241211
1613740101015,6,5229920.000000,112096.000000
1613740101265,6,5051187.500000,16541.832031
1613740101515,6,5397248.000000,0.0
1613740101765,6,5222688.000000,0.0
1613740102015,6,5372672.000000,189024.000000
1613740102265,6,5171855.500000,11116.465820
1613740102515,6,5449466.000000,5513.944336
1613740102765,6,5514784.000000,11072.000000
1613740103015,6,5332288.000000,256416.000000
1613740103265,6,5516305.500000,0.0
1613740103516,6,5150087.500000,0.0
1613740103765,6,5062813.000000,0.0
1613740104015,6,5318848.500000,102016.000000
1613740104265,6,5104064.000000,8672.000000
1613740104515,6,5034152.500000,0.0
1613740104765,6,5177312.000000,0.0
1613740105015,6,4824605.500000,110183.265625
1613740105265,6,5293654.500000,27855.421875
1613740105515,6,5191904.500000,28015.935547
1613740105765,6,5448352.000000,17056.000000
1613740106015,6,5241216.000000,285312.000000
1613740106271,6,5584992.000000,0.0
1613740106515,6,5040864.000000,0.0
1613740106765,6,5639488.000000,0.0
1613740107015,6,5174048.000000,189280.000000
1613740107265,6,4671968.000000,22232.931641
1613740107515,6,5143298.500000,22501.992188
1613740107765,6,5015232.000000,22592.000000
1613740108015,6,5187104.000000,171296.000000
1613740108265,6,5461056.000000,13216.000000
1613740108515,6,5223968.000000,0.0
1613740108765,6,5208992.000000,0.0
1613740109015,6,5400352.000000,143488.000000
1613740109265,6,5927068.500000,5558.232910
1613740109515,6,5409243.000000,11027.888672
1613740109765,6,5306304.000000,0.0
1613740110015,6,5281952.000000,113312.000000
1613740110265,6,5368864.000000,0.0
1613740110515,6,5468448.000000,0.0
1613740110765,6,5549056.000000,0.0
1613740111015,6,5468000.000000,149056.000000
1613740111265,6,5438816.000000,5536.000000
1613740111515,6,5192928.000000,0.0
1613740111765,6,5495357.500000,0.0
1613740112015,6,5245705.000000,122103.578125
1613740112265,6,5435200.000000,5536.000000
1613740112515,6,5234080.000000,5536.000000
1613740112765,6,5159104.000000,39648.000000
1613740113015,6,5750752.000000,180832.000000
1613740113265,6,5162720.000000,33216.000000
1613740113515,6,4560835.500000,60433.738281
1613740113765,6,5227920.500000,16541.832031
1613740114015,6,5089440.000000,153280.000000
1613740114265,6,5191229.000000,0.0
1613740114515,6,4908143.500000,5513.944336
1613740114765,6,5222875.500000,11116.465820
1613740115015,6,4950948.000000,186549.812500
1613740115265,6,5335840.000000,71264.000000
1613740115515,6,5519232.000000,17056.000000
1613740115765,6,5277696.000000,48512.000000
1613740116015,6,5238976.000000,152000.000000
1613740116266,6,5085152.000000,0.0
1613740116515,6,5417984.000000,0.0
1613740116765,6,5501344.000000,0.0
1613740117015,6,5076288.000000,152960.000000
1613740117265,6,5115968.000000,28128.000000
1613740117515,6,5014560.000000,0.0
1613740117765,6,5151646.500000,0.0
1613740118015,6,5202581.500000,173705.171875
1613740118265,6,5418336.000000,5536.000000
1613740118515,6,5143903.500000,22232.931641
1613740118765,6,5418836.500000,11027.888672
1613740119015,6,5452832.000000,122880.000000
1613740119265,6,5161568.000000,22144.000000
1613740119515,6,5178313.000000,5558.232910
1613740119765,6,5290135.000000,16988.046875
1613740120015,6,5125792.000000,158464.000000
1613740120265,6,5594976.000000,51168.000000
1613740120515,6,4837120.000000,0.0
1613740120765,6,5873253.000000,0.0
1613740121015,6,5331984.000000,133737.062500
1613740121265,6,5598688.000000,7680.000000
1613740121515,6,5082880.000000,5536.000000
1613740121765,6,5195296.000000,5536.000000
1613740122015,6,5377568.000000,107328.000000
1613740122265,6,5062304.000000,31904.000000
1613740122515,6,5190240.000000,5536.000000
1613740122765,6,5419008.000000,28128.000000
1613740123015,6,5285280.000000,63232.000000
1613740123265,6,4822816.000000,24480.000000
1613740123515,6,5250624.000000,0.0
1613740123765,6,4714016.000000,0.0
1613740124015,6,5195840.000000,224128.000000
1613740124265,6,5088417.500000,16674.699219
1613740124515,6,5390024.000000,11027.888672
1613740124765,6,5764000.000000,5536.000000
1613740125015,6,4924658.500000,203502.015625
1613740125265,6,5437664.500000,0.0
1613740125515,6,5319191.500000,0.0
1613740125765,6,5227245.000000,5558.232910
1613740126015,6,4549386.500000,124908.367188
1613740126265,6,5365622.500000,0.0
1613740126515,6,5027136.000000,0.0
1613740126765,6,5719043.500000,5513.944336
1613740127016,6,5051148.500000,260690.765625
1613740127265,6,5184288.000000,17056.000000
1613740127515,6,5006464.000000,26080.000000
1613740127765,6,5273088.000000,11072.000000
1613740128015,6,5554208.000000,186976.000000
1613740128265,6,5456064.000000,11072.000000
1613740128515,6,4945120.000000,0.0
1613740128765,6,5296960.000000,0.0
1613740129015,6,5245227.000000,113593.632812
1613740129265,6,5439392.000000,0.0
1613740129515,6,5374656.000000,5536.000000
1613740129765,6,5002112.000000,5536.000000
1613740130015,6,5682752.000000,174592.000000
1613740130265,6,5137831.500000,0.0
1613740130515,6,5673024.000000,5536.000000
1613740130765,6,4635633.500000,5513.944336
1613740131015,6,5485558.000000,82377.515625
1613740131265,6,5310690.500000,11094.233398
1613740131516,6,5471235.000000,31426.294922
1613740131765,6,4431518.000000,5558.232910
1613740132015,6,4926624.000000,204992.000000
1613740132265,6,4951264.000000,5536.000000
1613740132515,6,5419360.000000,0.0
1613740132765,6,5331936.000000,37152.000000
1613740133015,6,5180576.000000,98208.000000
1613740133265,6,5193344.000000,18432.000000
1613740133515,6,5205259.000000,20462.150391
1613740133765,6,4748480.000000,34112.000000
1613740134015,6,5158688.000000,186080.000000
1613740134265,6,5640739.000000,0.0
1613740134515,6,5237992.000000,0.0
1613740134765,6,5185568.000000,0.0
1613740135015,6,5376996.000000,47839.359375
1613740135265,6,5206272.000000,12384.000000
1613740135515,6,5277004.000000,25912.351562
1613740135765,6,5405920.000000,25920.000000
1613740136015,6,5381944.000000,86168.671875
1613740136265,6,4973354.500000,5513.944336
1613740136515,6,5441514.500000,0.0
1613740136765,6,5005492.500000,0.0
1613740137015,6,5157696.000000,122240.000000
1613740137265,6,5322144.000000,5536.000000
1613740137515,6,5072924.000000,0.0
1613740137765,6,5304672.000000,16608.000000
1613740138015,6,5294240.000000,194816.000000
1613740138266,6,5343164.000000,7710.843262
1613740138515,6,5178263.000000,2135.458252
1613740138765,6,5285792.000000,5536.000000
1613740139015,6,5352739.000000,164787.140625
1613740139265,6,5048148.500000,0.0
1613740139515,6,5518757.000000,0.0
1613740139766,6,5215232.000000,0.0
1613740140015,6,5007454.000000,105156.632812
1613740140266,6,5572016.000000,5513.944336
1613740140515,6,5329888.000000,0.0
1613740140765,6,5202892.000000,0.0
1613740141015,6,5062693.000000,95139.445312
1613740141265,6,5504320.000000,19648.000000
1613740141515,6,5495904.000000,22144.000000
1613740141765,6,5127008.000000,11072.000000
1613740142015,6,5658240.000000,247968.000000
1613740142265,6,5814008.000000,11116.465820
1613740142515,6,5133120.000000,0.0
1613740142765,6,5302151.500000,5513.944336
1613740143016,6,5247839.500000,155052.203125
1613740143265,6,5277280.000000,11072.000000
1613740143515,6,5013099.500000,0.0
1613740143765,6,5313509.500000,0.0
1613740144015,6,5267410.500000,127713.148438
1613740144265,6,5293408.000000,31360.000000
1613740144515,6,5134016.000000,25824.000000
1613740144765,6,5088707.000000,22682.730469
1613740145015,6,5176829.000000,121848.601562
1613740145265,6,5256736.000000,43488.000000
1613740145515,6,5294297.000000,22682.730469
1613740145765,6,5124430.500000,11027.888672
1613740146015,6,5507392.000000,132096.000000
1613740146265,6,4279776.000000,11072.000000
1613740146515,6,5185606.500000,6457.831543
1613740146765,6,5430912.000000,0.0
1613740147015,6,4852320.000000,311296.000000
1613740147265,6,5346358.500000,0.0
1613740147515,6,5502400.000000,5536.000000
1613740147765,6,5055424.000000,33216.000000
1613740148015,6,5042176.000000,206304.000000
1613740148265,6,5569992.000000,22232.931641
1613740148515,6,4940590.000000,11027.888672
1613740148765,6,5303711.000000,0.0
1613740149015,6,5072191.000000,268079.656250
1613740149265,6,4999004.000000,0.0
1613740149515,6,5028864.000000,27680.000000
1613740149765,6,5187028.000000,16541.832031
1613740150015,6,5548576.000000,130912.000000
1613740150265,6,5155181.000000,0.0
1613740150515,6,5024382.500000,5513.944336
1613740150765,6,4952928.000000,11072.000000
1613740151015,6,4986474.000000,188048.203125
1613740151265,6,5593408.000000,11072.000000
1613740151515,6,5792672.000000,39648.000000
1613740151765,6,4981545.500000,0.0
1613740152015,6,5315566.000000,213526.093750
1613740152265,6,5433952.000000,0.0
1613740152515,6,5464384.000000,17056.000000
1613740152765,6,5289593.500000,0.0
1613740153015,6,5351552.000000,98336.000000
1613740153265,6,5314473.500000,58313.253906
1613740153515,6,5185440.000000,0.0
1613740153765,6,5001402.500000,28015.935547
1613740154015,6,5131020.000000,94682.726562
1613740154265,6,5302534.000000,22597.609375
1613740154515,6,5449147.000000,22682.730469
1613740154765,6,5709972.500000,0.0
1613740155015,6,5509856.000000,186240.000000
1613740155265,6,4908787.000000,5558.232910
1613740155515,6,5874400.000000,6432.000000
1613740155765,6,4937184.000000,5536.000000
1613740156015,6,5304320.000000,115392.000000
1613740156265,6,5115474.000000,5513.944336
1613740156515,6,5166297.500000,0.0
1613740156765,6,5411219.000000,0.0
1613740157015,6,4683424.000000,177824.000000
1613740157265,6,5473280.000000,22592.000000
1613740157515,6,5288932.000000,5558.232910
1613740157765,6,5500736.000000,16608.000000
1613740158015,6,5117184.000000,179936.000000
1613740158265,6,5164111.500000,0.0
1613740158515,6,5116256.000000,0.0
1613740158765,6,5819695.000000,0.0
1613740159015,6,5484384.000000,155296.000000
1613740159265,6,5524672.000000,38432.000000
1613740159515,6,5129216.000000,28128.000000
1613740159765,6,4799552.000000,0.0
1613740160015,6,5038208.000000,113952.000000
1613740160265,6,5204992.000000,0.0
1613740160515,6,5692544.000000,0.0
1613740160765,6,5142912.000000,0.0
1613740161015,6,5290400.000000,238432.000000
1613740161265,6,5204111.500000,5513.944336
1613740161515,6,5224096.000000,0.0
1613740161765,6,5552544.000000,0.0
1613740162015,6,5411566.000000,163855.421875
1613740162265,6,6000128.000000,47008.000000
1613740162515,6,4943744.500000,5513.944336
1613740162766,6,5538144.000000,0.0
1613740163015,6,5716128.000000,177952.000000
1613740163265,6,5283116.000000,0.0
1613740163515,6,5114976.000000,52416.000000
1613740163765,6,5348908.500000,22055.777344
1613740164015,6,5098634.500000,148112.453125
1613740164265,6,5292896.000000,33664.000000
1613740164515,6,5300704.000000,5536.000000
1613740164765,6,5032828.500000,37450.199219
1613740165017,6,4956080.500000,231325.312500
1613740165265,6,5406183.000000,45003.984375
1613740165515,6,5136032.000000,16608.000000
1613740165766,6,5523648.000000,45184.000000
1613740166015,6,5133397.500000,145863.453125
1613740166265,6,5297440.000000,28608.000000
1613740166515,6,5321184.000000,11072.000000
1613740166765,6,5574560.000000,0.0
1613740167015,6,4967713.000000,239521.921875
1613740167265,6,5400032.000000,0.0
1613740167516,6,4765227.000000,0.0
1613740167766,6,5341237.000000,0.0
1613740168015,6,5031424.000000,68224.000000
1613740168265,6,5687168.000000,17504.000000
1613740168515,6,5060576.000000,11072.000000
1613740168765,6,4792288.000000,27680.000000
1613740169015,6,5147488.000000,113184.000000
1613740169265,6,5322272.000000,0.0
1613740169515,6,5282720.000000,70368.000000
1613740169765,6,5113408.000000,17056.000000
1613740170015,6,5016350.500000,215330.687500
1613740170265,6,5269365.500000,5558.232910
1613740170515,6,5342464.000000,11072.000000
1613740170765,6,5318848.000000,16608.000000
1613740171015,6,4973248.000000,225280.000000
1613740171265,6,4947091.500000,11027.888672
1613740171515,6,5381719.000000,5558.232910
1613740171765,6,4820494.000000,16541.832031
1613740172015,6,5223264.000000,147872.000000
1613740172265,6,5358747.000000,0.0
1613740172515,6,5107346.500000,34422.312500
1613740172765,6,5326394.000000,11116.465820
1613740173015,6,5922944.000000,129920.000000
1613740173265,6,5314656.000000,37152.000000
1613740173515,6,5462592.000000,0.0
1613740173765,6,5310374.000000,0.0
1613740174016,6,5718880.000000,179744.000000
1613740174265,6,4833221.000000,26184.738281
1613740174515,6,5421888.000000,0.0
1613740174765,6,5325408.000000,5536.000000
1613740175015,6,5240576.000000,154656.000000
1613740175265,6,5126112.000000,11072.000000
1613740175515,6,5212000.000000,0.0
1613740175765,6,5461131.500000,16541.832031
1613740176015,6,5004640.000000,109152.000000
1613740176265,6,5256064.000000,17124.498047
1613740176515,6,5281608.000000,11049.944336
1613740176765,6,5032337.500000,0.0
1613740177015,6,4971180.500000,117686.742188
1613740177265,6,5199968.000000,11072.000000
1613740177515,6,5280256.000000,19936.000000
1613740177765,6,5595168.000000,31616.000000
1613740178016,6,5963456.000000,176352.000000
1613740178265,6,4919585.500000,80414.343750
1613740178515,6,5141558.500000,0.0
1613740178765,6,5071648.000000,34112.000000
1613740179015,6,5333440.000000,143168.000000
1613740179265,6,5138112.000000,23040.000000
1613740179515,6,5445024.000000,65728.000000
1613740179765,6,5461888.000000,17056.000000
1613740180015,6,5122741.000000,71713.140625
1613740180266,6,4960736.000000,24736.000000
1613740180515,6,5072608.000000,22976.000000
1613740180765,6,5391786.000000,5558.232910
1613740181015,6,5115277.000000,154217.890625
1613740181265,6,5440031.500000,31776.892578
1613740181515,6,5052080.500000,34506.023438
1613740181765,6,5169504.000000,17056.000000
1613740182015,6,5089696.000000,145376.000000
1613740182265,6,5286847.500000,11072.000000
1613740182515,6,5350446.000000,11072.000000
1613740182765,6,5230496.000000,44736.000000
1613740183015,6,5146080.000000,217632.000000
1613740183265,6,5410634.500000,5558.232910
1613740183515,6,5401243.000000,0.0
1613740183765,6,5206490.000000,11116.465820
1613740184015,6,5119872.000000,205344.000000
1613740184265,6,5539104.000000,0.0
1613740184515,6,5287362.500000,0.0
1613740184765,6,4965301.500000,12016.064453
1613740185016,6,5253504.000000,207520.000000
1613740185265,6,5430119.500000,16541.832031
1613740185515,6,5237654.500000,33799.195312
1613740185765,6,5232288.000000,11072.000000
1613740186015,6,5548480.000000,235264.000000
1613740186265,6,5610240.000000,0.0
1613740186515,6,4526208.000000,5536.000000
1613740186765,6,5377817.000000,11027.888672
1613740187015,6,5217286.000000,182642.640625
1613740187265,6,5152604.500000,0.0
1613740187515,6,5202263.000000,0.0
1613740187765,6,5137468.000000,17124.498047
1613740188015,6,5960873.000000,197303.781250
1613740188265,6,5156928.000000,31616.000000
1613740188515,6,5102496.000000,0.0
1613740188765,6,4955155.000000,39490.039062
1613740189015,6,5244896.000000,62304.000000
1613740189265,6,5317879.500000,11052.208984
1613740189515,6,5354041.000000,17056.000000
1613740189765,6,5356516.500000,59686.296875
1613740190015,6,5464032.000000,103424.000000
1613740190265,6,5609472.000000,0.0
1613740190515,6,5248352.000000,34112.000000
1613740190765,6,4940416.000000,56704.000000
1613740191015,6,5532398.500000,274486.062500
1613740191265,6,5204192.000000,22592.000000
1613740191515,6,5105799.500000,0.0
1613740191766,6,5429131.500000,0.0
1613740192015,6,5188305.000000,139212.843750
1613740192265,6,5442654.000000,5536.000000
1613740192515,6,5110279.500000,9920.000000
1613740192765,6,5537952.000000,0.0
1613740193015,6,5669024.000000,171168.000000
1613740193265,6,5346624.000000,11072.000000
1613740193515,6,5088736.000000,34112.000000
1613740193765,6,5246852.500000,0.0
1613740194015,6,5414843.500000,80417.671875
1613740194265,6,4964672.000000,11008.000000
1613740194515,6,5148992.000000,25472.000000
1613740194765,6,5112800.000000,16608.000000
1613740195015,6,5296160.000000,341760.000000
1613740195265,6,5244128.000000,0.0
1613740195515,6,5381322.500000,11027.888672
1613740195765,6,5391392.000000,0.0
1613740196015,6,5427392.000000,155520.000000
1613740196265,6,5262554.500000,5558.232910
1613740196515,6,5270720.000000,11072.000000
1613740196765,6,5412896.000000,9024.000000
1613740197015,6,5334208.000000,156032.000000
1613740197265,6,5573056.000000,7680.000000
1613740197515,6,5451282.500000,0.0
1613740197766,6,5254624.000000,5536.000000
1613740198015,6,5302336.000000,194208.000000
1613740198265,6,4864064.000000,5536.000000
1613740198515,6,4894496.000000,0.0
1613740198765,6,5478554.000000,22682.730469
1613740199015,6,5859936.000000,249344.000000
1613740199265,6,5207360.000000,0.0
1613740199515,6,5234336.000000,22144.000000
1613740199765,6,5367680.000000,5536.000000
1613740200015,6,5738816.000000,228864.000000
1613740200265,6,5206884.500000,5513.944336
1613740200515,6,5514816.000000,16608.000000
1613740200765,6,5401188.500000,11116.465820
1613740201015,6,5227232.000000,172928.000000
1613740201265,6,5312128.000000,11072.000000
1613740201515,6,4876640.000000,17056.000000
1613740201765,6,5344224.000000,5536.000000
1613740202015,6,5543136.000000,230464.000000
1613740202266,6,5406597.500000,45003.980469
1613740202515,6,4676704.000000,11072.000000
1613740202765,6,5423100.500000,22232.931641
1613740203015,6,5576864.000000,164608.000000
1613740203265,6,5151680.000000,11968.000000
1613740203515,6,4720736.000000,0.0
1613740203765,6,5207072.000000,0.0
1613740204015,6,5292512.000000,117280.000000
1613740204265,6,5361292.500000,5536.000000
1613740204515,6,5003508.000000,11049.944336
1613740204765,6,5416576.000000,5536.000000
1613740205015,6,5391518.000000,174297.187500
1613740205265,6,5329472.000000,33216.000000
1613740205515,6,5598752.000000,28128.000000
1613740205765,6,5335456.000000,11072.000000
1613740206015,6,5552160.000000,109504.000000
1613740206265,6,5321344.000000,0.0
1613740206515,6,4809434.000000,0.0
1613740206765,6,5003245.000000,0.0
1613740207015,6,6060653.500000,266932.281250
1613740207265,6,5380626.500000,11116.465820
1613740207515,6,5131776.000000,39648.000000
1613740207765,6,4937536.000000,0.0
1613740208015,6,5194912.000000,108640.000000
1613740208265,6,5755776.000000,13216.000000
1613740208515,6,5409632.000000,25472.000000
1613740208765,6,5353052.000000,5513.944336
1613740209015,6,4893879.500000,397911.656250
1613740209265,6,5484352.000000,16608.000000
1613740209515,6,5081888.000000,28128.000000
1613740209765,6,5202176.000000,5536.000000
1613740210015,6,5547200.000000,307808.000000
1613740210265,6,5329472.000000,11072.000000
1613740210515,6,5218656.000000,11072.000000
1613740210765,6,5388608.000000,37600.000000
1613740211015,6,5540430.500000,340972.093750
1613740211265,6,5393670.500000,30939.759766
1613740211515,6,5291872.000000,5536.000000
1613740211765,6,5094848.000000,3488.000000
1613740212015,6,5746336.000000,152352.000000
1613740212265,6,4989600.000000,8768.000000
1613740212515,6,5480768.000000,28576.000000
1613740212765,6,5373248.000000,0.0
1613740213015,6,5490900.500000,82262.945312
1613740213265,6,5623616.000000,5536.000000
1613740213515,6,5120835.500000,20562.248047
1613740213765,6,5026240.000000,0.0
1613740214015,6,5544608.000000,282400.000000
1613740214265,6,5120704.000000,0.0
1613740214515,6,4779040.000000,0.0
1613740214765,6,5059296.000000,0.0
1613740215015,6,5223040.000000,120928.000000
1613740215265,6,5182048.000000,0.0
1613740215515,6,5153504.000000,0.0
1613740215765,6,5257408.000000,17056.000000
1613740216016,6,5573248.000000,95360.000000
1613740216265,6,5100384.000000,53856.000000
1613740216515,6,5191648.000000,28128.000000
1613740216765,6,5166880.000000,28128.000000
1613740217015,6,5319616.000000,79776.000000
1613740217265,6,5137944.500000,14342.629883
1613740217515,6,5543871.500000,0.0
1613740217765,6,5195136.000000,31552.000000
1613740218015,6,5193216.000000,161632.000000
1613740218265,6,5647296.000000,11072.000000
1613740218515,6,5307328.000000,11072.000000
1613740218765,6,5243424.000000,5536.000000
1613740219015,6,5644864.000000,208576.000000
1613740219265,6,5240096.000000,33664.000000
1613740219515,6,5402432.000000,14400.000000
1613740219765,6,4994080.000000,0.0
1613740220015,6,5214560.000000,197632.000000
1613740220265,6,5076448.000000,0.0
1613740220515,6,5095296.000000,5536.000000
1613740220765,6,5146336.000000,26080.000000
1613740221015,6,4550496.000000,182912.000000
1613740221265,6,5052032.000000,26080.000000
1613740221515,6,5372608.000000,33664.000000
1613740221765,6,5709408.000000,5536.000000
1613740222015,6,4761024.000000,322400.000000
1613740222265,6,5428480.000000,39648.000000
1613740222515,6,5424352.000000,28128.000000
1613740222765,6,4735360.000000,5536.000000
1613740223015,6,5056032.000000,104544.000000
1613740223265,6,5072768.000000,0.0
1613740223515,6,4960608.000000,11072.000000
1613740223765,6,5653088.000000,0.0
1613740224015,6,5291232.000000,145248.000000
1613740224265,6,5298848.000000,5536.000000
1613740224515,6,5333312.000000,11968.000000
1613740224765,6,5221952.000000,0.0
1613740225015,6,5405440.000000,279296.000000
1613740225265,6,5677120.000000,0.0
1613740225515,6,5056736.000000,0.0
1613740225765,6,5493408.000000,0.0
1613740226016,6,5155044.500000,108334.406250
1613740226265,6,5503030.500000,11094.233398
1613740226515,6,5047360.000000,38752.000000
1613740226765,6,4887424.000000,16608.000000
1613740227015,6,5190432.000000,153344.000000
1613740227265,6,5867968.000000,5536.000000
1613740227515,6,5100320.000000,85408.000000
1613740227765,6,4855488.000000,22592.000000
1613740228015,6,5336448.000000,170240.000000
1613740228265,6,5369216.000000,0.0
1613740228515,6,5152768.000000,0.0
1613740228765,6,5580640.000000,11072.000000
1613740229015,6,5049248.000000,87136.000000
1613740229265,6,5145376.000000,16448.000000
1613740229515,6,5234816.000000,18752.000000
1613740229765,6,5363168.000000,5536.000000
1613740230015,6,5117952.000000,170720.000000
1613740230265,6,5260352.000000,0.0
1613740230515,6,5204352.000000,0.0
1613740230765,6,5014112.000000,0.0
1613740231015,6,5404672.000000,98912.000000
1613740231265,6,5380480.000000,24128.000000
1613740231515,6,5019552.000000,20544.000000
1613740231765,6,5437152.000000,11072.000000
1613740232015,6,5450592.000000,263136.000000
1613740232265,6,5732640.000000,5536.000000
1613740232515,6,5538422.500000,37450.199219
1613740232765,6,5434956.000000,17124.498047
1613740233015,6,5288000.000000,177920.000000
1613740233265,6,5157568.000000,0.0
1613740233515,6,5296448.000000,34560.000000
1613740233765,6,5102784.000000,5536.000000
1613740234015,6,5901568.000000,500736.000000
1613740234265,6,5484864.000000,11072.000000
1613740234515,6,5097120.000000,16608.000000
1613740234765,6,5134848.000000,0.0
1613740235015,6,4989472.000000,150016.000000
1613740235265,6,5174208.000000,60032.000000
1613740235515,6,5291232.000000,27680.000000
1613740235765,6,5074976.000000,11072.000000
1613740236015,6,5554464.000000,195840.000000
1613740236265,6,5123008.000000,12384.000000
1613740236515,6,6017088.000000,0.0
1613740236765,6,5289728.000000,17056.000000
1613740237015,6,5296096.000000,157376.000000
1613740237265,6,5163392.000000,0.0
1613740237515,6,5296256.000000,15040.000000
1613740237765,6,5455520.000000,11072.000000
1613740238015,6,5302297.000000,190200.796875
1613740238265,6,4632095.500000,5513.944336
1613740238515,6,4652768.000000,0.0
1613740238765,6,4807456.000000,0.0
1613740239015,6,5263328.000000,140160.000000
1613740239265,6,5537664.000000,11072.000000
1613740239515,6,5015808.000000,50720.000000
1613740239765,6,5114112.000000,0.0
1613740240015,6,5132800.000000,240960.000000
1613740240265,6,5336768.000000,48224.000000
1613740240515,6,5214688.000000,37600.000000
1613740240765,6,4964576.000000,34112.000000
1613740241015,6,5121184.000000,329760.000000
1613740241265,6,5319872.000000,7680.000000
1613740241515,6,4929440.000000,0.0
1613740241765,6,5406208.000000,0.0
1613740242015,6,5371488.000000,126496.000000
1613740242265,6,5512064.000000,0.0
1613740242515,6,5060640.000000,5536.000000
1613740242765,6,5102176.000000,11072.000000
1613740243015,6,5314304.000000,254816.000000
1613740243265,6,5563456.000000,39648.000000
1613740243515,6,5235040.000000,28128.000000
1613740243765,6,6087520.000000,0.0
1613740244015,6,5201760.000000,106016.000000
1613740244265,6,5096768.000000,5536.000000
1613740244515,6,5243904.000000,0.0
1613740244765,6,5244640.000000,0.0
1613740245015,6,5146048.000000,167680.000000
1613740245265,6,5728544.000000,0.0
1613740245515,6,5132512.000000,28128.000000
1613740245765,6,5239648.000000,11072.000000
1613740246015,6,5566752.000000,232896.000000
1613740246265,6,5649312.000000,5536.000000
1613740246515,6,5313408.000000,11072.000000
1613740246765,6,5189024.000000,0.0
1613740247015,6,5304128.000000,159680.000000
1613740247265,6,5264768.000000,11072.000000
1613740247515,6,4882880.000000,5536.000000
1613740247765,6,5365952.000000,5536.000000
1613740248015,6,5132544.000000,112864.000000
1613740248265,6,5297024.000000,11072.000000
1613740248515,6,5505312.000000,34112.000000
1613740248765,6,5420512.000000,0.0
1613740249015,6,5377472.000000,178528.000000
1613740249265,6,5193056.000000,12640.000000
1613740249515,6,5439072.000000,27680.000000
1613740249765,6,5095168.000000,22592.000000
1613740250015,6,5217120.000000,414720.000000
1613740250265,6,5089248.000000,0.0
1613740250515,6,5077056.000000,5536.000000
1613740250765,6,5203360.000000,0.0
1613740251015,6,5232160.000000,145504.000000
1613740251265,6,5260064.000000,22144.000000
1613740251515,6,5264608.000000,11072.000000
1613740251765,6,5565216.000000,11072.000000
1613740252015,6,5124800.000000,75104.000000
1613740252265,6,5345440.000000,5536.000000
1613740252515,6,5406560.000000,8576.000000
1613740252765,6,5365920.000000,0.0
1613740253015,6,5034048.000000,144864.000000
1613740253265,6,5409952.000000,0.0
1613740253515,6,5424544.000000,0.0
1613740253765,6,5289664.000000,28128.000000
1613740254015,6,5367712.000000,141152.000000
1613740254266,6,5287776.000000,16608.000000
1613740254516,6,4800512.000000,5536.000000
1613740254765,6,5101536.000000,0.0
1613740255015,6,5149376.000000,100000.000000
1613740255265,6,5167040.000000,47264.000000
1613740255515,6,5215936.000000,27680.000000
1613740255765,6,5205824.000000,11072.000000
1613740256015,6,5835968.000000,241728.000000
1613740256265,6,5101408.000000,5536.000000
1613740256515,6,5195744.000000,0.0
1613740256765,6,5269568.000000,0.0
1613740257015,6,5152864.000000,120000.000000
1613740257265,6,5161440.000000,7104.000000
1613740257515,6,5246304.000000,0.0
1613740257765,6,5321632.000000,0.0
1613740258015,6,5168640.000000,104416.000000
1613740258265,6,5961792.000000,7104.000000
1613740258515,6,5352864.000000,11072.000000
1613740258765,6,5221792.000000,0.0
1613740259015,6,5903360.000000,219616.000000
1613740259265,6,5195520.000000,7104.000000
1613740259515,6,5360320.000000,16608.000000
1613740259765,6,4978848.000000,5536.000000
1613740260015,6,5243584.000000,99552.000000
1613740260265,6,5145824.000000,0.0
1613740260515,6,5436288.000000,55904.000000
1613740260765,6,5193888.000000,73760.000000
1613740261015,6,5910336.000000,201024.000000
1613740261265,6,4980320.000000,0.0
1613740261515,6,5288512.000000,0.0
1613740261765,6,5694400.000000,0.0
1613740262015,6,5325536.000000,146496.000000
1613740262265,6,5212320.000000,11072.000000
1613740262515,6,5337728.000000,5536.000000
1613740262765,6,5410624.000000,5536.000000
1613740263015,6,5342592.000000,154784.000000
1613740263265,6,5283488.000000,5536.000000
1613740263515,6,5182528.000000,5536.000000
1613740263765,6,4735520.000000,0.0
1613740264015,6,5894048.000000,154688.000000
1613740264265,6,5440160.000000,0.0
1613740264515,6,5071360.000000,0.0
1613740264765,6,5176192.000000,5536.000000
1613740265015,6,4989536.000000,86144.000000
1613740265265,6,5326752.000000,0.0
1613740265515,6,5092608.000000,0.0
1613740265765,6,4974624.000000,0.0
1613740266015,6,5683776.000000,276128.000000
1613740266265,6,5195456.000000,0.0
1613740266515,6,5137536.000000,14400.000000
1613740266765,6,5056672.000000,17056.000000
1613740267015,6,5328256.000000,120256.000000
1613740267265,6,5128960.000000,0.0
1613740267515,6,5439712.000000,0.0
1613740267765,6,4954944.000000,0.0
1613740268015,6,5232384.000000,151968.000000
1613740268265,6,5058432.000000,16608.000000
1613740268515,6,5322720.000000,33664.000000
1613740268765,6,5218560.000000,51168.000000
1613740269015,6,5406816.000000,114496.000000
1613740269265,6,5465216.000000,37312.000000
1613740269515,6,5510112.000000,0.0
1613740269765,6,5061312.000000,0.0
1613740270015,6,5465248.000000,226112.000000
1613740270265,6,5357280.000000,0.0
1613740270515,6,5107872.000000,5536.000000
1613740270765,6,5395424.000000,11072.000000
1613740271015,6,5711552.000000,150112.000000
1613740271265,6,5245152.000000,0.0
1613740271515,6,5272480.000000,0.0
1613740271765,6,5164864.000000,11072.000000
1613740272015,6,5221376.000000,124640.000000
1613740272265,6,5227840.000000,5536.000000
1613740272515,6,5253632.000000,16608.000000
1613740272765,6,6037824.000000,11072.000000
1613740273015,6,5905568.000000,234688.000000
1613740273265,6,5094112.000000,2976.000000
1613740273515,6,5412192.000000,0.0
1613740273765,6,5056544.000000,0.0
1613740274015,6,6162816.000000,346368.000000
1613740274265,6,4836480.000000,16608.000000
1613740274515,6,5315712.000000,28128.000000
1613740274765,6,5082272.000000,5536.000000
1613740275015,6,5461152.000000,85984.000000
1613740275265,6,5270048.000000,0.0
1613740275515,6,5273728.000000,58080.000000
1613740275765,6,4865440.000000,0.0
1613740276015,6,5132416.000000,114720.000000
1613740276265,6,5473824.000000,5536.000000
1613740276515,6,5402592.000000,45472.000000
1613740276765,6,4993248.000000,5536.000000
1613740277015,6,5145504.000000,102304.000000
1613740277265,6,5119424.000000,40096.000000
1613740277515,6,5216576.000000,5536.000000
1613740277765,6,5432448.000000,37600.000000
1613740278015,6,5129664.000000,156096.000000
1613740278265,6,5292736.000000,11072.000000
1613740278515,6,5356576.000000,16608.000000
1613740278765,6,5253504.000000,16608.000000
1613740279015,6,5641824.000000,130144.000000
1613740279265,6,4888768.000000,7680.000000
1613740279515,6,4978400.000000,48672.000000
1613740279765,6,4830784.000000,5536.000000
1613740280015,6,5328928.000000,281472.000000
1613740280265,6,5474432.000000,5536.000000
1613740280515,6,5078720.000000,0.0
1613740280765,6,5336384.000000,5536.000000
1613740281015,6,5168096.000000,91616.000000
1613740281265,6,5400928.000000,28128.000000
1613740281515,6,5479840.000000,0.0
1613740281765,6,5285984.000000,8864.000000
1613740282015,6,5543168.000000,157984.000000
1613740282265,6,5438048.000000,14304.000000
1613740282515,6,5217536.000000,16608.000000
1613740282765,6,5296384.000000,3488.000000
1613740283015,6,5179616.000000,100224.000000
1613740283265,6,4951168.000000,31168.000000
1613740283515,6,5272384.000000,0.0
1613740283765,6,5524896.000000,0.0
1613740284015,6,5191232.000000,163680.000000
1613740284265,6,5013440.000000,5536.000000
1613740284515,6,5314112.000000,16608.000000
1613740284765,6,5286560.000000,34112.000000
1613740285015,6,5246432.000000,195072.000000
1613740285265,6,5604000.000000,0.0
1613740285515,6,5180672.000000,0.0
1613740285765,6,5856320.000000,0.0
1613740286015,6,5439808.000000,142880.000000
1613740286265,6,5247584.000000,5536.000000
1613740286515,6,5514496.000000,0.0
1613740286765,6,5405504.000000,0.0
1613740287015,6,4794656.000000,148032.000000
1613740287265,6,5610624.000000,5536.000000
1613740287515,6,5518656.000000,11072.000000
1613740287765,6,5302464.000000,0.0
1613740288015,6,4957824.000000,128800.000000
1613740288265,6,5383168.000000,19840.000000
1613740288515,6,5045824.000000,11072.000000
1613740288765,6,5216288.000000,0.0
1613740289015,6,5304928.000000,99552.000000
1613740289265,6,5385632.000000,31616.000000
1613740289515,6,5464896.000000,0.0
1613740289765,6,5254976.000000,0.0
1613740290015,6,5369568.000000,167520.000000
1613740290265,6,5112128.000000,5536.000000
1613740290515,6,5154176.000000,0.0
1613740290765,6,5032224.000000,0.0
1613740291015,6,5256992.000000,115488.000000
1613740291265,6,5446272.000000,16608.000000
1613740291515,6,5187808.000000,0.0
1613740291765,6,5652128.000000,0.0
1613740292015,6,5390464.000000,142272.000000
1613740292265,6,5634944.000000,22592.000000
1613740292515,6,5228608.000000,0.0
1613740292765,6,5499584.000000,0.0
1613740293015,6,5346336.000000,217184.000000
1613740293265,6,5839136.000000,5536.000000
1613740293515,6,5121216.000000,0.0
1613740293765,6,5331424.000000,0.0
1613740294015,6,5007744.000000,176864.000000
1613740294265,6,5748896.000000,17056.000000
1613740294515,6,4872384.000000,33216.000000
1613740294765,6,5135296.000000,34112.000000
1613740295015,6,5340800.000000,208096.000000
1613740295265,6,5410240.000000,5536.000000
1613740295515,6,5211680.000000,33216.000000
1613740295765,6,5422560.000000,31616.000000
1613740296015,6,5252416.000000,186944.000000
1613740296265,6,5582048.000000,20832.000000
1613740296515,6,5300800.000000,34112.000000
1613740296765,6,4971328.000000,17056.000000
1613740297015,6,5165664.000000,66208.000000
1613740297265,6,5377536.000000,25632.000000
1613740297515,6,4993440.000000,90016.000000
1613740297765,6,5569472.000000,11072.000000
1613740298015,6,5547712.000000,152736.000000
1613740298265,6,5183552.000000,26080.000000
1613740298515,6,5151776.000000,0.0
1613740298765,6,5385152.000000,16608.000000
1613740299015,6,5204192.000000,211808.000000
1613740299265,6,5479552.000000,0.0
1613740299515,6,5560256.000000,5536.000000
1613740299765,6,5065056.000000,0.0
1613740300015,6,5821632.000000,132320.000000
1613740300265,6,5292192.000000,11072.000000
1613740300515,6,5235520.000000,16608.000000
1613740300765,6,5152608.000000,22592.000000
1613740301015,6,4937888.000000,172928.000000
1613740301265,6,6599264.000000,19648.000000
1613740301515,6,5235872.000000,8576.000000
1613740301765,6,5211072.000000,27680.000000
1613740302015,6,5041344.000000,152576.000000
1613740302265,6,5161344.000000,0.0
1613740302515,6,5214528.000000,11072.000000
1613740302765,6,5185280.000000,0.0
1613740303015,6,5103328.000000,184896.000000
1613740303265,6,5611552.000000,16608.000000
1613740303515,6,5393824.000000,11072.000000
1613740303765,6,5133056.000000,28128.000000
1613740304015,6,5274656.000000,123360.000000
1613740304265,6,5388736.000000,0.0
1613740304515,6,5293920.000000,0.0
1613740304765,6,5388032.000000,0.0
1613740305015,6,5179616.000000,167424.000000
1613740305265,6,5237536.000000,5536.000000
1613740305515,6,5260896.000000,0.0
1613740305765,6,5459488.000000,0.0
1613740306015,6,5296000.000000,185920.000000
1613740306265,6,5126784.000000,24736.000000
1613740306515,6,5241952.000000,17056.000000
1613740306765,6,5713536.000000,0.0
1613740307015,6,5151232.000000,156480.000000
1613740307265,6,5153344.000000,13216.000000
1613740307515,6,5302784.000000,16608.000000
1613740307765,6,5266368.000000,22592.000000
1613740308015,6,5877280.000000,232320.000000
1613740308265,6,5066528.000000,5536.000000
1613740308515,6,5386912.000000,5536.000000
1613740308765,6,5480736.000000,5536.000000
1613740309015,6,5372480.000000,128544.000000
1613740309265,6,5254848.000000,11072.000000
1613740309515,6,5298080.000000,11072.000000
1613740309765,6,5368352.000000,0.0
1613740310015,6,5119776.000000,323328.000000
1613740310265,6,4764352.000000,16608.000000
1613740310515,6,5302144.000000,77248.000000
1613740310765,6,5187904.000000,51168.000000
1613740311015,6,5511072.000000,158368.000000
1613740311265,6,5227680.000000,28128.000000
1613740311515,6,5245184.000000,54656.000000
1613740311765,6,5282752.000000,51168.000000
1613740312015,6,4799744.000000,42752.000000
1613740312265,6,5180736.000000,7680.000000
1613740312515,6,5184416.000000,51616.000000
1613740312765,6,5395744.000000,17056.000000
1613740313015,6,5431168.000000,121664.000000
1613740313265,6,4881600.000000,0.0
1613740313515,6,5166112.000000,0.0
1613740313765,6,5464704.000000,16608.000000
1613740314015,6,5094016.000000,116480.000000
1613740314265,6,5623488.000000,27648.000000
1613740314515,6,5302624.000000,22592.000000
1613740314765,6,5921920.000000,0.0
1613740315015,6,5366688.000000,161440.000000
1613740315265,6,5486464.000000,0.0
1613740315515,6,5131072.000000,5536.000000
1613740315765,6,5258144.000000,5536.000000
1613740316015,6,5790176.000000,184544.000000
1613740316265,6,5043136.000000,0.0
1613740316515,6,5203072.000000,0.0
1613740316765,6,5355584.000000,5536.000000
1613740317015,6,5248704.000000,60128.000000
1613740317265,6,5367004.000000,82634.539062
1613740317515,6,5571569.500000,60812.750000
1613740317765,6,5124160.000000,0.0
1613740318015,6,5097216.000000,150912.000000
1613740318265,6,5367712.000000,0.0
1613740318515,6,5275264.000000,0.0
1613740318765,6,5258464.000000,5536.000000
1613740319015,6,5622432.000000,106048.000000
1613740319265,6,6331584.000000,14400.000000
1613740319515,6,5180064.000000,45184.000000
1613740319765,6,5460352.000000,0.0
1613740320015,6,5260928.000000,106848.000000
1613740320265,6,5373920.000000,11072.000000
1613740320515,6,5231232.000000,0.0
1613740320765,6,5242368.000000,0.0
1613740321015,6,4703264.000000,130496.000000
1613740321265,6,5223456.000000,5536.000000
1613740321515,6,5377120.000000,5536.000000
1613740321765,6,5103968.000000,11072.000000
1613740322015,6,5159904.000000,248992.000000
1613740322265,6,5679200.000000,5536.000000
1613740322515,6,4937344.000000,22144.000000
1613740322765,6,5202944.000000,5536.000000
1613740323015,6,5181088.000000,167328.000000
1613740323265,6,5941984.000000,37152.000000
1613740323515,6,5907264.000000,5536.000000
1613740323765,6,5469376.000000,0.0
1613740324015,6,5382976.000000,79456.000000
1613740324265,6,5213152.000000,13216.000000
1613740324515,6,5486784.000000,0.0
1613740324765,6,5002752.000000,0.0
1613740325015,6,5505504.000000,306016.000000
1613740325265,6,5357376.000000,6432.000000
1613740325515,6,4939936.000000,5536.000000
1613740325765,6,5397088.000000,22592.000000
1613740326015,6,5460000.000000,150784.000000
1613740326265,6,5216800.000000,0.0
1613740326515,6,5251744.000000,26176.000000
1613740326765,6,4634944.000000,56704.000000
1613740327015,6,5770720.000000,244736.000000
1613740327265,6,5110848.000000,0.0
1613740327515,6,5224896.000000,5536.000000
1613740327765,6,5384160.000000,0.0
1613740328015,6,5471712.000000,290176.000000
1613740328265,6,5296288.000000,0.0
1613740328515,6,5273824.000000,0.0
1613740328765,6,5290048.000000,0.0
1613740329015,6,5245696.000000,203328.000000
1613740329265,6,5288192.000000,0.0
1613740329515,6,5407904.000000,5536.000000
1613740329765,6,4767168.000000,0.0
1613740330015,6,5188192.000000,230784.000000
1613740330265,6,5509216.000000,56704.000000
1613740330515,6,5336608.000000,5536.000000
1613740330765,6,5295936.000000,11072.000000
1613740331015,6,5057472.000000,193536.000000
1613740331265,6,4960000.000000,0.0
1613740331515,6,5320960.000000,11072.000000
1613740331765,6,5057088.000000,5536.000000
1613740332015,6,5121536.000000,143200.000000
1613740332265,6,5095680.000000,7680.000000
1613740332515,6,5088288.000000,82624.000000
1613740332765,6,5357024.000000,16608.000000
1613740333015,6,5643008.000000,333440.000000
1613740333265,6,5857248.000000,0.0
1613740333515,6,5152448.000000,5536.000000
1613740333765,6,5378304.000000,5536.000000
1613740334015,6,5409888.000000,95872.000000
1613740334265,6,5273792.000000,12640.000000
1613740334515,6,5152480.000000,5536.000000
1613740334765,6,5297344.000000,20544.000000
1613740335015,6,5488576.000000,88736.000000
1613740335265,6,5177024.000000,25408.000000
1613740335515,6,5083072.000000,5536.000000
1613740335765,6,5261280.000000,11072.000000
1613740336015,6,5290336.000000,203072.000000
1613740336265,6,4994464.000000,20896.000000
1613740336515,6,5283136.000000,0.0
1613740336765,6,5486176.000000,11072.000000
1613740337015,6,5226336.000000,134720.000000
1613740337265,6,5482240.000000,11072.000000
1613740337515,6,5359552.000000,0.0
1613740337765,6,4892096.000000,0.0
1613740338015,6,5310048.000000,139200.000000
1613740338265,6,5649952.000000,5536.000000
1613740338515,6,5338304.000000,20832.000000
1613740338765,6,5146368.000000,22592.000000
1613740339015,6,5350624.000000,100288.000000
1613740339265,6,5194240.000000,5536.000000
1613740339515,6,5371424.000000,11072.000000
1613740339765,6,5041216.000000,0.0
1613740340015,6,5075392.000000,55840.000000
1613740340265,6,4719680.000000,31168.000000
1613740340515,6,5028864.000000,17504.000000
1613740340765,6,4707904.000000,28128.000000
1613740341015,6,5656288.000000,99520.000000
1613740341265,6,5333376.000000,0.0
1613740341515,6,5479648.000000,0.0
1613740341765,6,4836224.000000,0.0
1613740342015,6,5019232.000000,104256.000000
1613740342265,6,5510048.000000,11968.000000
1613740342515,6,5202144.000000,11072.000000
1613740342765,6,5285280.000000,0.0
1613740343015,6,4631488.000000,127584.000000
1613740343265,6,6004448.000000,22144.000000
1613740343515,6,5441088.000000,11072.000000
1613740343765,6,4887648.000000,0.0
1613740344017,6,5114040.000000,136796.812500
1613740344265,6,5347887.500000,7132.530273
1613740344515,6,4955424.000000,7104.000000
1613740344765,6,4705952.000000,0.0
1613740345015,6,5617120.000000,88096.000000
1613740345265,6,5326272.000000,24608.000000
1613740345515,6,5316608.000000,11072.000000
1613740345765,6,5073408.000000,0.0
1613740346015,6,5345536.000000,169440.000000
1613740346265,6,5276864.000000,13536.000000
1613740346515,6,6634560.000000,5536.000000
1613740346765,6,4463552.000000,5536.000000
1613740347015,6,5347840.000000,160640.000000
1613740347265,6,5155296.000000,16608.000000
1613740347515,6,5493920.000000,22720.000000
1613740347765,6,5329632.000000,0.0
1613740348015,6,5278144.000000,103360.000000
1613740348265,6,5511392.000000,9504.000000
1613740348515,6,5167840.000000,16608.000000
1613740348765,6,5241056.000000,51168.000000
1613740349015,6,4856928.000000,115168.000000
1613740349265,6,5337344.000000,0.0
1613740349515,6,5203520.000000,0.0
1613740349765,6,5257984.000000,16608.000000
1613740350015,6,4953888.000000,286112.000000
1613740350265,6,5728096.000000,68224.000000
1613740350515,6,5490432.000000,16608.000000
1613740350765,6,5357120.000000,0.0
1613740351015,6,5374624.000000,96800.000000
1613740351265,6,5554720.000000,0.0
1613740351515,6,5312640.000000,36064.000000
1613740351765,6,5416256.000000,11072.000000
1613740352015,6,5416000.000000,136448.000000
1613740352265,6,5138784.000000,16608.000000
1613740352515,6,4915360.000000,22592.000000
1613740352765,6,5380160.000000,0.0
1613740353015,6,4757920.000000,116384.000000
1613740353265,6,5220864.000000,13216.000000
1613740353515,6,5129568.000000,28128.000000
1613740353765,6,5165280.000000,11072.000000
1613740354015,6,5122496.000000,212320.000000
1613740354265,6,5439104.000000,60192.000000
1613740354515,6,5303520.000000,0.0
1613740354765,6,5368864.000000,0.0
1613740355015,6,5397920.000000,197152.000000
1613740355265,6,5458688.000000,24736.000000
1613740355515,6,4660896.000000,8864.000000
1613740355765,6,5311904.000000,5536.000000
1613740356015,6,5446144.000000,181440.000000
1613740356265,6,5439264.000000,0.0
1613740356515,6,5195968.000000,0.0
1613740356765,6,5066432.000000,0.0
1613740357015,6,5245344.000000,161504.000000
1613740357265,6,5262432.000000,22144.000000
1613740357515,6,5053632.000000,5536.000000
1613740357765,6,5344128.000000,11072.000000
1613740358015,6,5746304.000000,143104.000000
1613740358265,6,5259552.000000,0.0
1613740358515,6,5550112.000000,0.0
1613740358765,6,5135392.000000,0.0
1613740359015,6,5108704.000000,169152.000000
1613740359265,6,5299456.000000,0.0
1613740359515,6,5194976.000000,0.0
1613740359765,6,5483872.000000,0.0
1613740360015,6,5159488.000000,182144.000000
1613740360265,6,5236416.000000,5536.000000
1613740360515,6,5037088.000000,22144.000000
1613740360765,6,5277632.000000,5536.000000
1613740361015,6,5398848.000000,150208.000000
1613740361265,6,5620576.000000,0.0
1613740361515,6,5066368.000000,23040.000000
1613740361765,6,5516832.000000,0.0
1613740362015,6,5423552.000000,150432.000000
1613740362265,6,5037920.000000,11072.000000
1613740362515,6,5107872.000000,5536.000000
1613740362765,6,5284960.000000,16608.000000
1613740363015,6,6044480.000000,289632.000000
1613740363265,6,5154528.000000,16608.000000
1613740363515,6,4551936.000000,17056.000000
1613740363765,6,5309152.000000,5536.000000
1613740364015,6,4714112.000000,125280.000000
1613740364265,6,5044256.000000,22144.000000
1613740364515,6,5160000.000000,0.0
1613740364765,6,5378688.000000,0.0
1613740365015,6,5313920.000000,120224.000000
1613740365265,6,5030688.000000,12512.000000
1613740365515,6,5175808.000000,16608.000000
1613740365765,6,5210752.000000,16608.000000
1613740366015,6,5163584.000000,143680.000000
1613740366265,6,5404672.000000,16544.000000
1613740366515,6,5153696.000000,22144.000000
1613740366765,6,5170176.000000,5536.000000
1613740367015,6,5055232.000000,121088.000000
1613740367265,6,5473472.000000,5536.000000
1613740367515,6,4782112.000000,22592.000000
1613740367765,6,5266368.000000,11072.000000
1613740368015,6,5130624.000000,119776.000000
1613740368265,6,5064096.000000,0.0
1613740368515,6,5514752.000000,0.0
1613740368765,6,5577696.000000,5536.000000
1613740369015,6,5455520.000000,274336.000000
1613740369265,6,5541024.000000,0.0
1613740369515,6,5340640.000000,5536.000000
1613740369765,6,5765728.000000,0.0
1613740370015,6,5251776.000000,139296.000000
1613740370265,6,5351808.000000,5536.000000
1613740370515,6,5097664.000000,0.0
1613740370765,6,5237728.000000,0.0
1613740371015,6,5932064.000000,89216.000000
1613740371265,6,5427904.000000,11968.000000
1613740371515,6,4892672.000000,0.0
1613740371765,6,5185344.000000,0.0
1613740372015,6,5566176.000000,122912.000000
1613740372265,6,5201120.000000,136992.000000
1613740372515,6,5154720.000000,5536.000000
1613740372765,6,5734176.000000,0.0
1613740373015,6,5181152.000000,133440.000000
1613740373265,6,5181440.000000,26080.000000
1613740373515,6,5263232.000000,0.0
1613740373765,6,5853920.000000,0.0
1613740374015,6,5067968.000000,34240.000000
1613740374265,6,5460448.000000,21984.000000
1613740374515,6,5046976.000000,21792.000000
1613740374765,6,5007168.000000,0.0
1613740375015,6,5130944.000000,69760.000000
1613740375265,6,5033856.000000,58848.000000
1613740375515,6,5174496.000000,11072.000000
1613740375765,6,5207616.000000,0.0
1613740376015,6,5275456.000000,84128.000000
1613740376266,6,4955744.000000,0.0
1613740376515,6,5125984.000000,9824.000000
1613740376765,6,5091424.000000,22144.000000
1613740377015,6,5018880.000000,57184.000000
1613740377265,6,5091264.000000,7680.000000
1613740377515,6,5210624.000000,19936.000000
1613740377765,6,5414144.000000,5536.000000
1613740378015,6,5108416.000000,100896.000000
1613740378265,6,5338944.000000,5536.000000
1613740378515,6,5479936.000000,0.0
1613740378765,6,5098048.000000,33664.000000
1613740379015,6,6270528.000000,257472.000000
1613740379265,6,5176640.000000,11072.000000
1613740379515,6,5080256.000000,16608.000000
1613740379765,6,5149152.000000,0.0
1613740380015,6,5182336.000000,269248.000000
1613740380265,6,4698272.000000,0.0
1613740380515,6,4969184.000000,28128.000000
1613740380765,6,5605568.000000,5536.000000
1613740381015,6,5351712.000000,81984.000000
1613740381265,6,5389440.000000,10688.000000
1613740381515,6,4955424.000000,5536.000000
1613740381765,6,5987712.000000,34112.000000
1613740382015,6,5358336.000000,168224.000000
1613740382265,6,4355584.000000,0.0
1613740382515,6,5427008.000000,17056.000000
1613740382765,6,4903296.000000,34112.000000
1613740383015,6,5583456.000000,203488.000000
1613740383265,6,6266080.000000,22592.000000
1613740383515,6,5425184.000000,22592.000000
1613740383765,6,6367072.000000,0.0
1613740384015,6,4503424.000000,78944.000000
1613740384265,6,5173856.000000,28896.000000
1613740384515,6,5223840.000000,16608.000000
1613740384765,6,5154656.000000,11072.000000
1613740385015,6,5198176.000000,157120.000000
1613740385265,6,5243264.000000,5536.000000
1613740385515,6,5202720.000000,22144.000000
1613740385765,6,5351264.000000,22592.000000
1613740386015,6,5391168.000000,80352.000000
1613740386265,6,5617088.000000,20256.000000
1613740386515,6,5707808.000000,16256.000000
1613740386765,6,5386368.000000,34656.000000
1613740387015,6,5745856.000000,85888.000000
1613740387265,6,5051456.000000,0.0
1613740387515,6,4919808.000000,18752.000000
1613740387765,6,5365568.000000,0.0
1613740388015,6,5036064.000000,178112.000000
1613740388265,6,4999232.000000,0.0
1613740388515,6,4995200.000000,16608.000000
1613740388765,6,5020896.000000,17056.000000
1613740389019,6,5785695.500000,265081.593750
1613740389265,6,5278137.500000,22636.644531
1613740389515,6,5250816.000000,17056.000000
1613740389765,6,5647520.000000,11072.000000
1613740390015,6,5212192.000000,370176.000000
1613740390265,6,5035968.000000,17056.000000
1613740390515,6,4239232.000000,0.0
1613740390765,6,5064160.000000,0.0
1613740391015,6,5596288.000000,163808.000000
1613740391265,6,5468768.000000,25824.000000
1613740391515,6,5353440.000000,0.0
1613740391765,6,5093344.000000,11072.000000
1613740392015,6,5891648.000000,253664.000000
1613740392265,6,5324160.000000,5536.000000
1613740392515,6,5466432.000000,0.0
1613740392765,6,5422048.000000,50720.000000
1613740393015,6,5166080.000000,76160.000000
1613740393265,6,5522496.000000,11968.000000
1613740393515,6,5245600.000000,0.0
1613740393765,6,5112224.000000,5536.000000
1613740394015,6,5359904.000000,75296.000000
1613740394265,6,5384480.000000,5536.000000
1613740394515,6,5158848.000000,11072.000000
1613740394765,6,5463424.000000,26080.000000
1613740395015,6,5283040.000000,189632.000000
1613740395265,6,5287616.000000,0.0
1613740395515,6,5160576.000000,0.0
1613740395765,6,5344704.000000,0.0
1613740396015,6,5314400.000000,120096.000000
1613740396265,6,5391552.000000,6432.000000
1613740396515,6,5965120.000000,54048.000000
1613740396765,6,5124320.000000,5536.000000
1613740397015,6,5801792.000000,182400.000000
1613740397265,6,5346848.000000,28128.000000
1613740397515,6,5177344.000000,11072.000000
1613740397765,6,5003200.000000,5536.000000
1613740398015,6,5226560.000000,115520.000000
1613740398265,6,5496896.000000,34112.000000
1613740398515,6,5541856.000000,5536.000000
1613740398765,6,5296640.000000,0.0
1613740399015,6,5603744.000000,170048.000000
1613740399265,6,5000928.000000,5536.000000
1613740399515,6,5349024.000000,33664.000000
1613740399765,6,5253056.000000,20544.000000
1613740400015,6,5344032.000000,284352.000000
1613740400265,6,5380608.000000,17056.000000
1613740400515,6,5359392.000000,0.0
1613740400765,6,5064640.000000,0.0
1613740401015,6,4896608.000000,118976.000000
1613740401265,6,5081760.000000,0.0
1613740401515,6,4924576.000000,34112.000000
1613740401765,6,5046368.000000,22592.000000
1613740402015,6,5303776.000000,116640.000000
1613740402265,6,5768320.000000,5536.000000
1613740402515,6,5356000.000000,0.0
1613740402765,6,5198144.000000,11072.000000
1613740403015,6,4839744.000000,55808.000000
1613740403265,6,4976704.000000,46464.000000
1613740403515,6,5149376.000000,11072.000000
1613740403765,6,5436384.000000,0.0
1613740404015,6,5256544.000000,61376.000000
1613740404265,6,5159168.000000,23392.000000
1613740404515,6,5032320.000000,16608.000000
1613740404765,6,5375712.000000,22144.000000
1613740405015,6,5007584.000000,56800.000000
1613740405265,6,5519264.000000,42080.000000
1613740405515,6,5250848.000000,0.0
1613740405765,6,4953792.000000,0.0
1613740406015,6,5739968.000000,174912.000000
1613740406265,6,5430400.000000,57696.000000
1613740406515,6,5272928.000000,22144.000000
1613740406765,6,5245440.000000,5536.000000
1613740407015,6,5457504.000000,144800.000000
1613740407265,6,5747584.000000,5536.000000
1613740407515,6,5378720.000000,0.0
1613740407765,6,5171200.000000,16608.000000
1613740408015,6,5415264.000000,88160.000000
1613740408265,6,5295872.000000,7104.000000
1613740408515,6,4994752.000000,21472.000000
1613740408765,6,5383200.000000,22144.000000
1613740409015,6,5817312.000000,85952.000000
1613740409265,6,4937792.000000,0.0
1613740409515,6,5341856.000000,25632.000000
1613740409765,6,5397504.000000,0.0
1613740410015,6,5081472.000000,71936.000000
1613740410265,6,5112032.000000,0.0
1613740410515,6,5072096.000000,17504.000000
1613740410767,6,5720710.000000,0.0
1613740411015,6,5715428.500000,143777.765625
1613740411265,6,5401664.000000,0.0
1613740411515,6,5145984.000000,17056.000000
1613740411765,6,5413920.000000,39648.000000
1613740412015,6,5276800.000000,115552.000000
1613740412265,6,5238779.500000,0.0
1613740412515,6,5078884.500000,0.0
1613740412765,6,5179360.000000,5536.000000
1613740413015,6,5487328.000000,216640.000000
1613740413265,6,5185920.000000,0.0
1613740413515,6,5274464.000000,0.0
1613740413765,6,5393216.000000,0.0
1613740414015,6,5175456.000000,85152.000000
1613740414265,6,5507616.000000,7104.000000
1613740414515,6,5262080.000000,21472.000000
1613740414765,6,5419840.000000,20544.000000
1613740415015,6,5517920.000000,77888.000000
1613740415265,6,5185792.000000,36736.000000
1613740415515,6,5448416.000000,5536.000000
1613740415765,6,5211040.000000,11072.000000
1613740416015,6,5242048.000000,151008.000000
1613740416265,6,5185792.000000,67776.000000
1613740416515,6,5535040.000000,22592.000000
1613740416765,6,4817376.000000,16608.000000
1613740417015,6,5150912.000000,103776.000000
1613740417265,6,5644448.000000,35232.000000
1613740417515,6,5049280.000000,5536.000000
1613740417765,6,5159552.000000,11072.000000
1613740418015,6,5252192.000000,130432.000000
1613740418265,6,6559424.000000,19648.000000
1613740418515,6,5250560.000000,5536.000000
1613740418765,6,4900896.000000,0.0
1613740419015,6,5810816.000000,165152.000000
1613740419265,6,5080672.000000,11072.000000
1613740419515,6,5324224.000000,9024.000000
1613740419765,6,5333984.000000,17056.000000
1613740420015,6,5192992.000000,119424.000000
1613740420265,6,5174048.000000,0.0
1613740420515,6,5617248.000000,11072.000000
1613740420765,6,5422688.000000,5536.000000
1613740421015,6,5308128.000000,60096.000000
1613740421265,6,5261952.000000,56320.000000
1613740421515,6,5652800.000000,22592.000000
1613740421765,6,5263936.000000,56704.000000
1613740422015,6,5232064.000000,249280.000000
1613740422265,6,5102304.000000,22592.000000
1613740422515,6,5324064.000000,0.0
1613740422765,6,4943840.000000,0.0
1613740423015,6,4914592.000000,135584.000000
1613740423265,6,5314752.000000,7104.000000
1613740423515,6,4996992.000000,31616.000000
1613740423765,6,5255424.000000,0.0
1613740424015,6,4970400.000000,99744.000000
1613740424265,6,5433024.000000,5536.000000
1613740424515,6,5292288.000000,11072.000000
1613740424765,6,4711840.000000,5536.000000
1613740425015,6,5230400.000000,109376.000000
1613740425265,6,5263808.000000,0.0
1613740425515,6,4980992.000000,5536.000000
1613740425765,6,5159456.000000,17056.000000
1613740426015,6,5070304.000000,116480.000000
1613740426265,6,5542048.000000,11072.000000
1613740426515,6,5563968.000000,11072.000000
1613740426765,6,5293088.000000,0.0
1613740427015,6,5137920.000000,140928.000000
1613740427265,6,5169504.000000,5536.000000
1613740427515,6,5227840.000000,5536.000000
1613740427765,6,5259552.000000,5536.000000
1613740428015,6,5383328.000000,193472.000000
1613740428265,6,5205568.000000,11072.000000
1613740428515,6,5173856.000000,5536.000000
1613740428765,6,4994656.000000,0.0
1613740429015,6,5445728.000000,257184.000000
1613740429265,6,5190848.000000,0.0
1613740429515,6,5002048.000000,0.0
1613740429765,6,5176928.000000,5536.000000
1613740430015,6,5467168.000000,121056.000000
1613740430265,6,5157408.000000,0.0
1613740430515,6,5457664.000000,0.0
1613740430765,6,5424672.000000,0.0
1613740431015,6,5330944.000000,171328.000000
1613740431265,6,5187872.000000,30560.000000
1613740431515,6,5166272.000000,0.0
1613740431765,6,5202912.000000,0.0
1613740432015,6,5262016.000000,148736.000000
1613740432265,6,5099968.000000,33664.000000
1613740432515,6,5777184.000000,34112.000000
1613740432765,6,4790048.000000,5536.000000
1613740433015,6,6461632.000000,220960.000000
1613740433265,6,5334592.000000,5536.000000
1613740433515,6,5058400.000000,11072.000000
1613740433765,6,5311040.000000,11072.000000
1613740434015,6,4778976.000000,161120.000000
1613740434265,6,5706112.000000,0.0
1613740434515,6,4854144.000000,5536.000000
1613740434765,6,5189344.000000,20032.000000
1613740435015,6,5186176.000000,154528.000000
1613740435265,6,5530528.000000,5536.000000
1613740435515,6,5277120.000000,11072.000000
1613740435765,6,4923904.000000,5536.000000
1613740436015,6,4942528.000000,174560.000000
1613740436265,6,5296768.000000,17056.000000
1613740436515,6,5314496.000000,5536.000000
1613740436765,6,5044640.000000,16608.000000
1613740437015,6,5170272.000000,173536.000000
1613740437265,6,4881024.000000,11072.000000
1613740437515,6,5200928.000000,28128.000000
1613740437765,6,5054720.000000,17056.000000
1613740438015,6,4934080.000000,185696.000000
1613740438265,6,5111328.000000,22592.000000
1613740438515,6,5065088.000000,0.0
1613740438765,6,5137440.000000,0.0
1613740439015,6,5889984.000000,119776.000000
1613740439265,6,5990528.000000,18176.000000
1613740439515,6,5086752.000000,17056.000000
1613740439765,6,5075840.000000,5536.000000
1613740440015,6,5029824.000000,197184.000000
1613740440265,6,5049280.000000,26080.000000
1613740440515,6,5254528.000000,85280.000000
1613740440765,6,5157184.000000,51168.000000
1613740441015,6,5115936.000000,126912.000000
1613740441265,6,5045632.000000,14400.000000
1613740441515,6,5429120.000000,33664.000000
1613740441765,6,5325152.000000,0.0
1613740442015,6,5168768.000000,189248.000000
1613740442265,6,4899712.000000,0.0
1613740442515,6,5292416.000000,9824.000000
1613740442765,6,5250432.000000,22592.000000
1613740443015,6,5304992.000000,153824.000000
1613740443265,6,5275360.000000,5536.000000
1613740443515,6,5232000.000000,0.0
1613740443765,6,5412736.000000,0.0
1613740444015,6,5256192.000000,123296.000000
1613740444265,6,5424256.000000,16640.000000
1613740444515,6,5371488.000000,5536.000000
1613740444765,6,5180096.000000,14400.000000
1613740445015,6,5057472.000000,152960.000000
1613740445265,6,5949984.000000,0.0
1613740445515,6,5303392.000000,5536.000000
1613740445765,6,5706752.000000,28128.000000
1613740446015,6,5254816.000000,88352.000000
1613740446265,6,5305920.000000,5536.000000
1613740446515,6,4991424.000000,23488.000000
1613740446765,6,4869952.000000,0.0
1613740447015,6,5219328.000000,160160.000000
1613740447265,6,5288192.000000,5536.000000
1613740447515,6,5266944.000000,0.0
1613740447765,6,5151264.000000,0.0
1613740448015,6,5626080.000000,183904.000000
1613740448265,6,4916000.000000,0.0
1613740448515,6,5045216.000000,0.0
1613740448765,6,5094976.000000,0.0
1613740449015,6,5188352.000000,196192.000000
1613740449265,6,5058720.000000,11072.000000
1613740449515,6,4860800.000000,11072.000000
1613740449765,6,5436448.000000,0.0
1613740450015,6,5629719.000000,259405.625000
1613740450265,6,4754932.000000,5513.944336
1613740450515,6,5312864.000000,17056.000000
1613740450765,6,5306752.000000,0.0
1613740451015,6,4929888.000000,157536.000000
1613740451265,6,5201344.000000,0.0
1613740451515,6,5056640.000000,45184.000000
1613740451765,6,4792640.000000,22592.000000
1613740452015,6,5052832.000000,150784.000000
1613740452265,6,5037248.000000,0.0
1613740452515,6,5582208.000000,0.0
1613740452765,6,5341600.000000,0.0
1613740453015,6,5337088.000000,92960.000000
1613740453265,6,5448192.000000,12640.000000
1613740453515,6,5080608.000000,5536.000000
1613740453765,6,5117920.000000,0.0
1613740454015,6,5362848.000000,208160.000000
1613740454265,6,5124608.000000,11072.000000
1613740454515,6,5185664.000000,17056.000000
1613740454765,6,5327424.000000,5536.000000
1613740455015,6,5603744.000000,162272.000000
1613740455265,6,5275232.000000,11072.000000
1613740455515,6,5347872.000000,11072.000000
1613740455765,6,5342976.000000,0.0
1613740456015,6,5056128.000000,112352.000000
1613740456265,6,5241984.000000,15040.000000
1613740456515,6,4986912.000000,0.0
1613740456765,6,5142464.000000,0.0
1613740457015,6,5974880.000000,151136.000000
1613740457265,6,4997280.000000,0.0
1613740457515,6,5236320.000000,0.0
1613740457765,6,5331264.000000,0.0
1613740458015,6,5633376.000000,143968.000000
1613740458265,6,5304736.000000,16608.000000
1613740458515,6,5273632.000000,39648.000000
1613740458765,6,5107264.000000,51168.000000
1613740459015,6,5265760.000000,177280.000000
1613740459265,6,5583680.000000,0.0
1613740459515,6,5597536.000000,20544.000000
1613740459765,6,5310496.000000,0.0
1613740460015,6,5765984.000000,311968.000000
1613740460265,6,5388672.000000,28992.000000
1613740460515,6,5279424.000000,11072.000000
1613740460765,6,5105824.000000,5536.000000
1613740461015,6,5236768.000000,116192.000000
1613740461265,6,5408288.000000,0.0
1613740461515,6,5807584.000000,0.0
1613740461765,6,4984192.000000,11072.000000
1613740462015,6,5010400.000000,90016.000000
1613740462265,6,5314240.000000,15936.000000
1613740462515,6,5273920.000000,14560.000000
1613740462765,6,5276832.000000,0.0
1613740463015,6,5179360.000000,108672.000000
1613740463265,6,4854304.000000,28128.000000
1613740463515,6,5435680.000000,0.0
1613740463765,6,5306976.000000,0.0
1613740464015,6,4910240.000000,126304.000000
1613740464265,6,5275296.000000,28128.000000
1613740464515,6,5402816.000000,34112.000000
1613740464765,6,5290080.000000,0.0
1613740465015,6,4722912.000000,157632.000000
1613740465265,6,5287040.000000,11072.000000
1613740465515,6,5551456.000000,11072.000000
1613740465765,6,5417120.000000,17056.000000
1613740466015,6,5825664.000000,154208.000000
1613740466265,6,4878464.000000,42176.000000
1613740466515,6,5229472.000000,11072.000000
1613740466765,6,5122720.000000,22144.000000
1613740467015,6,5216864.000000,151008.000000
1613740467265,6,5983904.000000,0.0
1613740467515,6,5351680.000000,5536.000000
1613740467765,6,5322944.000000,0.0
1613740468015,6,4985600.000000,121184.000000
1613740468265,6,5126400.000000,17504.000000
1613740468515,6,5375744.000000,5536.000000
1613740468765,6,5449888.000000,16608.000000
1613740469015,6,5621472.000000,222752.000000
1613740469265,6,4746784.000000,0.0
1613740469515,6,5004608.000000,0.0
1613740469765,6,5189600.000000,0.0
1613740470015,6,5163264.000000,137440.000000
1613740470265,6,4630016.000000,8864.000000
1613740470515,6,5457216.000000,5536.000000
1613740470765,6,5335520.000000,5536.000000
1613740471015,6,4938144.000000,137312.000000
1613740471265,6,5467872.000000,0.0
1613740471515,6,5474176.000000,0.0
1613740471765,6,5239360.000000,0.0
1613740472015,6,5748576.000000,128480.000000
1613740472265,6,5622272.000000,5536.000000
1613740472515,6,5572032.000000,8864.000000
1613740472765,6,5542560.000000,5536.000000
1613740473017,6,5219347.000000,75920.320312
1613740473265,6,5192835.000000,28722.890625
1613740473515,6,5420128.000000,22144.000000
1613740473765,6,5155424.000000,5536.000000
1613740474015,6,5405824.000000,259232.000000
1613740474265,6,5276608.000000,5536.000000
1613740474515,6,5201317.000000,5558.232910
1613740474765,6,5260016.500000,5513.944336
1613740475015,6,5698176.000000,396256.000000
1613740475265,6,5458912.000000,11072.000000
1613740475515,6,5375776.000000,16608.000000
1613740475765,6,5044832.000000,0.0
1613740476015,6,5200480.000000,151520.000000
1613740476265,6,4919680.000000,5536.000000
1613740476515,6,5182400.000000,36256.000000
1613740476765,6,5235488.000000,5536.000000
1613740477015,6,5208352.000000,129376.000000
1613740477265,6,5975936.000000,7104.000000
1613740477515,6,5253216.000000,1568.000000
1613740477765,6,4442912.000000,5536.000000
1613740478015,6,5187424.000000,97920.000000
1613740478265,6,5331968.000000,33600.000000
1613740478515,6,5413440.000000,0.0
1613740478765,6,5190784.000000,0.0
1613740479015,6,5341248.000000,122496.000000
1613740479265,6,5238880.000000,0.0
1613740479515,6,5391264.000000,5536.000000
1613740479765,6,5279168.000000,0.0
1613740480015,6,4645984.000000,87488.000000
1613740480265,6,5354400.000000,0.0
1613740480515,6,4747328.000000,36704.000000
1613740480765,6,5288672.000000,0.0
1613740481015,6,5118592.000000,195040.000000
1613740481265,6,5243392.000000,22592.000000
1613740481515,6,5555072.000000,0.0
1613740481765,6,5485888.000000,11072.000000
1613740482015,6,5687360.000000,237056.000000
1613740482265,6,5860640.000000,5536.000000
1613740482515,6,5003520.000000,11072.000000
1613740482765,6,5090656.000000,0.0
1613740483015,6,5210176.000000,130368.000000
1613740483265,6,5238368.000000,0.0
1613740483515,6,5324448.000000,5536.000000
1613740483765,6,5077216.000000,90816.000000
1613740484015,6,4802944.000000,139552.000000
1613740484265,6,5266112.000000,11072.000000
1613740484515,6,5307968.000000,5536.000000
1613740484765,6,6139904.000000,5536.000000
1613740485015,6,4938240.000000,146048.000000
1613740485265,6,5226560.000000,5536.000000
1613740485515,6,5422016.000000,5536.000000
1613740485765,6,5419936.000000,5536.000000
1613740486015,6,5782912.000000,229568.000000
1613740486265,6,5255040.000000,22144.000000
1613740486515,6,5388928.000000,5536.000000
1613740486765,6,4862016.000000,0.0
1613740487015,6,5124832.000000,106016.000000
1613740487265,6,5213344.000000,6432.000000
1613740487515,6,5083936.000000,11072.000000
1613740487765,6,5250784.000000,5536.000000
1613740488015,6,5331424.000000,205856.000000
1613740488265,6,5445056.000000,19936.000000
1613740488515,6,5233344.000000,11072.000000
1613740488765,6,5280384.000000,5536.000000
1613740489015,6,5340288.000000,154240.000000
1613740489265,6,5358843.500000,33349.398438
1613740489515,6,5179729.500000,5513.944336
1613740489765,6,5361920.000000,5536.000000
1613740490015,6,5251520.000000,135744.000000
1613740490265,6,5299296.000000,51040.000000
1613740490515,6,5342208.000000,22592.000000
1613740490765,6,5078656.000000,28128.000000
1613740491015,6,3560160.000000,730432.000000
1613740491265,6,0.0,0.0
1613740491515,6,0.0,0.0
1613740491765,6,0.0,0.0
1613740492015,6,0.0,0.0
1613740492265,6,0.0,0.0
1613740492515,6,0.0,0.0
1613740492765,6,0.0,0.0
1613740493015,6,0.0,0.0
1613740493265,6,0.0,0.0
1613740493515,6,0.0,0.0
1613740493765,6,0.0,0.0
1613740494015,6,0.0,0.0
1613740494265,6,0.0,0.0
1613740494515,6,0.0,0.0
1613740494765,6,0.0,0.0
1613740495015,6,0.0,0.0
1613740495265,6,0.0,0.0
1613740495515,6,0.0,0.0
1613740495765,6,0.0,0.0
1613740496015,6,0.0,0.0
1613740496265,6,0.0,0.0
1613740496515